flow,month,cpa,value_ix,uv_ix,vol_ix,status
E,2012-01-01,1082,100,100,100,def
E,2012-02-01,1082,100,100,100,def
E,2012-03-01,1082,100,100,100,def
E,2012-04-01,1082,100,100,100,def
E,2012-05-01,1082,100,100,100,def
E,2012-06-01,1082,100,100,100,def
E,2012-07-01,1082,100,100,100,def
E,2012-08-01,1082,100,100,100,def
E,2012-09-01,1082,100,100,100,def
E,2012-10-01,1082,100,100,100,def
E,2012-11-01,1082,100,100,100,def
E,2012-12-01,1082,100,100,100,def
E,2013-01-01,1082,97.6424102783203,98.0464553833008,99.5879058837891,def
E,2013-02-01,1082,99.0314559936524,99.6565093994141,99.3727874755859,def
E,2013-03-01,1082,93.2204132080078,99.0806579589844,94.0853729248047,def
E,2013-04-01,1082,79.0807189941406,100.03670501709,79.0516967773438,def
E,2013-05-01,1082,92.0792236328125,101.078506469727,91.0967407226562,def
E,2013-06-01,1082,102.496459960938,98.3869018554688,104.176933288574,def
E,2013-07-01,1082,118.207344055176,98.7286834716797,119.7294921875,def
E,2013-08-01,1082,113.50235748291,97.2790451049805,116.677085876465,def
E,2013-09-01,1082,126.512992858887,96.9947662353516,130.432800292969,def
E,2013-10-01,1082,132.178146362305,99.9886322021484,132.193176269531,def
E,2013-11-01,1082,119.649353027344,103.438247680664,115.672248840332,def
E,2013-12-01,1082,99.5416107177734,102.566055297852,97.0512237548828,def
E,2014-01-01,1082,97.6478729248047,100.84049987793,96.833984375,def
E,2014-02-01,1082,97.9389038085938,99.9559097290039,97.9821014404297,def
E,2014-03-01,1082,96.2792053222656,100.679130554199,95.6297454833984,def
E,2014-04-01,1082,86.3953018188477,100.12483215332,86.2875823974609,def
E,2014-05-01,1082,97.2497177124023,101.356986999512,95.9477233886719,def
E,2014-06-01,1082,101.018692016602,103.656135559082,97.4555816650391,def
E,2014-07-01,1082,118.278694152832,102.675354003906,115.196769714355,def
E,2014-08-01,1082,120.001396179199,100.714698791504,119.149833679199,def
E,2014-09-01,1082,136.366409301758,100.544525146484,135.627883911133,def
E,2014-10-01,1082,146.871292114258,101.439208984375,144.787490844727,def
E,2014-11-01,1082,127.33097076416,104.692848205566,121.623374938965,def
E,2014-12-01,1082,101.726989746094,104.763748168945,97.1013336181641,def
E,2015-01-01,1082,99.9259185791016,104.271842956543,95.8321228027344,def
E,2015-02-01,1082,94.656982421875,101.177131652832,93.5557022094727,def
E,2015-03-01,1082,98.5620651245117,101.494918823242,97.1103439331055,def
E,2015-04-01,1082,85.9373168945313,101.071517944336,85.0262451171875,def
E,2015-05-01,1082,92.9552917480469,101.435508728027,91.6397933959961,def
E,2015-06-01,1082,109.166725158691,99.767578125,109.421043395996,def
E,2015-07-01,1082,125.823860168457,101.062301635742,124.501281738281,def
E,2015-08-01,1082,129.727630615234,101.738021850586,127.511459350586,def
E,2015-09-01,1082,149.570877075195,102.063591003418,146.546752929688,def
E,2015-10-01,1082,140.406112670898,102.431480407715,137.073211669922,def
E,2015-11-01,1082,124.522705078125,105.081703186035,118.500839233398,def
E,2015-12-01,1082,102.694053649902,105.412269592285,97.4213562011719,def
E,2016-01-01,1082,93.7104644775391,102.784912109375,91.1714172363281,def
E,2016-02-01,1082,106.959381103516,103.717491149902,103.125694274902,def
E,2016-03-01,1082,95.1213836669922,103.302642822266,92.0802993774414,def
E,2016-04-01,1082,91.5638122558594,102.894828796387,88.9877624511719,def
E,2016-05-01,1082,87.9621887207031,104.800132751465,83.9332809448242,def
E,2016-06-01,1082,116.65340423584,102.873123168945,113.395416259766,def
E,2016-07-01,1082,116.234359741211,101.311569213867,114.729606628418,def
E,2016-08-01,1082,127.437599182129,100.665596008301,126.59497833252,def
E,2016-09-01,1082,147.373382568359,101.241798400879,145.56575012207,def
E,2016-10-01,1082,139.448226928711,100.989189147949,138.082321166992,def
E,2016-11-01,1082,134.985580444336,101.693267822266,132.737976074219,def
E,2016-12-01,1082,95.6567687988281,101.361824035645,94.3715896606445,def
E,2017-01-01,1082,106.635597229004,102.542617797852,103.991493225098,def
E,2017-02-01,1082,103.668678283691,102.722259521484,100.921340942383,def
E,2017-03-01,1082,109.254669189453,102.928245544434,106.146446228027,def
E,2017-04-01,1082,90.1009979248047,102.652038574219,87.7732162475586,def
E,2017-05-01,1082,113.869087219238,102.072189331055,111.557403564453,def
E,2017-06-01,1082,118.447570800781,100.752922058105,117.562423706055,def
E,2017-07-01,1082,126.955123901367,100.429092407227,126.412696838379,def
E,2017-08-01,1082,134.258804321289,100.922012329102,133.032241821289,def
E,2017-09-01,1082,143.427795410156,101.561950683594,141.221984863281,def
E,2017-10-01,1082,146.205825805664,101.542640686035,143.984649658203,def
E,2017-11-01,1082,148.528518676758,101.954322814941,145.681427001953,def
E,2017-12-01,1082,113.107681274414,99.9087524414062,113.210983276367,def
E,2018-01-01,1082,120.659614562988,97.9907913208008,123.133628845215,def
E,2018-02-01,1082,117.625267028809,97.5496215820313,120.579933166504,def
E,2018-03-01,1082,115.14315032959,95.0006484985352,121.202491760254,def
E,2018-04-01,1082,94.6020050048828,94.4620971679688,100.14811706543,def
E,2018-05-01,1082,107.571578979492,94.3780517578125,113.979446411133,def
E,2018-06-01,1082,125.82112121582,94.9662551879883,132.490341186523,def
E,2018-07-01,1082,125.138275146484,94.5539398193359,132.345916748047,def
E,2018-08-01,1082,127.610458374023,96.8523635864258,131.757705688477,def
E,2018-09-01,1082,132.848175048828,96.2172241210938,138.071090698242,def
E,2018-10-01,1082,136.741088867188,95.9723281860352,142.479705810547,def
E,2018-11-01,1082,143.473403930664,99.5602722167969,144.107070922852,def
E,2018-12-01,1082,100.697052001953,98.6641998291016,102.060371398926,def
E,2019-01-01,1082,107.354110717773,94.9155426025391,113.104881286621,def
E,2019-02-01,1082,114.330543518066,95.2273712158203,120.060585021973,def
E,2019-03-01,1082,119.995948791504,94.6534423828125,126.773986816406,def
E,2019-04-01,1082,85.7072067260742,91.7850112915039,93.3782196044922,def
E,2019-05-01,1082,102.773178100586,90.2332077026367,113.897285461426,def
E,2019-06-01,1082,104.295845031738,91.4017791748047,114.10701751709,def
E,2019-07-01,1082,137.719940185547,91.5303192138672,150.463729858398,def
E,2019-08-01,1082,124.835632324219,91.4376602172852,136.525390625,def
E,2019-09-01,1082,128.088790893555,93.3252563476563,137.249877929688,def
E,2019-10-01,1082,148.49250793457,92.7314300537109,160.131805419922,def
E,2019-11-01,1082,131.892715454102,93.9709396362305,140.354797363281,def
E,2019-12-01,1082,107.529968261719,93.6018447875977,114.880180358887,def
E,2020-01-01,1082,111.6220703125,92.2578811645508,120.989196777344,def
E,2020-02-01,1082,115.983291625977,91.7588958740234,126.400054931641,def
E,2020-03-01,1082,105.001983642578,89.1318283081055,117.80525970459,def
E,2020-04-01,1082,74.421028137207,87.7718200683594,84.7892074584961,def
E,2020-05-01,1082,89.4383316040039,87.5150604248047,102.197647094727,def
E,2020-06-01,1082,95.8624954223633,87.7962493896484,109.187461853027,def
E,2020-07-01,1082,103.471343994141,90.3870315551758,114.475868225098,def
E,2020-08-01,1082,98.4908065795899,88.8234939575195,110.883728027344,def
E,2020-09-01,1082,126.51146697998,90.5290985107422,139.74674987793,def
E,2020-10-01,1082,121.299682617188,90.3814926147461,134.208526611328,def
E,2020-11-01,1082,108.912490844727,92.8231506347656,117.333320617676,def
E,2020-12-01,1082,87.3350219726563,92.722297668457,94.1898803710938,def
E,2021-01-01,1082,89.6482315063477,91.3847351074219,98.0997924804688,def
E,2021-02-01,1082,92.3787155151367,91.6860275268555,100.755500793457,def
E,2021-03-01,1082,109.984771728516,90.2835083007812,121.821556091309,def
E,2021-04-01,1082,87.8860855102539,90.3913040161133,97.2284774780274,def
E,2021-05-01,1082,93.7604217529297,89.9623336791992,104.221862792969,def
E,2021-06-01,1082,107.663291931152,90.3603820800781,119.148780822754,def
E,2021-07-01,1082,126.019317626953,90.7865295410156,138.808380126953,def
E,2021-08-01,1082,113.702331542969,91.3352203369141,124.489036560059,def
E,2021-09-01,1082,129.275268554688,91.1274719238281,141.862014770508,def
E,2021-10-01,1082,135.725769042969,92.2653656005859,147.103713989258,def
E,2021-11-01,1082,135.467437744141,92.6662216186523,146.188583374023,def
E,2021-12-01,1082,111.878158569336,93.1462173461914,120.110244750977,def
E,2022-01-01,1082,108.630760192871,91.2199172973633,119.08666229248,def
E,2022-02-01,1082,121.793876647949,89.8583145141602,135.539901733398,def
E,2022-03-01,1082,137.203903198242,89.5774307250977,153.167938232422,def
E,2022-04-01,1082,88.9171142578125,89.9531173706055,98.8482894897461,def
E,2022-05-01,1082,116.039901733398,87.7399368286133,132.254364013672,def
E,2022-06-01,1082,111.880561828613,89.657699584961,124.786338806152,def
E,2022-07-01,1082,124.108673095703,89.4048233032227,138.816528320313,def
E,2022-08-01,1082,125.358215332031,90.1333618164062,139.080810546875,def
E,2022-09-01,1082,135.698287963867,90.8771743774414,149.320541381836,def
E,2022-10-01,1082,144.78369140625,93.0586013793945,155.583343505859,def
E,2022-11-01,1082,148.24333190918,91.7250289916992,161.617111206055,def
E,2022-12-01,1082,121.41960144043,94.4904861450195,128.499298095703,def
E,2023-01-01,1082,122.770484924316,95.5301513671875,128.514907836914,def
E,2023-02-01,1082,130.954193115234,96.1349258422852,136.219161987305,def
E,2023-03-01,1082,146.583587646484,95.0483016967774,154.220108032227,def
E,2023-04-01,1082,98.7868423461914,96.496696472168,102.37328338623,def
E,2023-05-01,1082,129.992767333984,93.753303527832,138.654067993164,def
E,2023-06-01,1082,138.432312011719,93.9087982177734,147.411437988281,def
E,2023-07-01,1082,140.568939208984,94.4790802001953,148.783126831055,def
E,2023-08-01,1082,144.025360107422,96.1913681030273,149.727951049805,def
E,2023-09-01,1082,151.738052368164,97.4145278930664,155.765319824219,def
E,2023-10-01,1082,171.081695556641,98.8095245361328,173.142913818359,def
E,2023-11-01,1082,162.260101318359,99.6337966918945,162.856491088867,def
E,2023-12-01,1082,135.716033935547,107.834526062012,125.855827331543,def
E,2024-01-01,1082,132.451423495197,108.521270546488,122.051110360317,def
E,2024-02-01,1082,134.543705650415,104.347524320265,128.938083186257,def
E,2024-03-01,1082,135.957538397617,103.47445375658,131.392363466318,def
E,2024-04-01,1082,123.296461816762,102.057298491753,120.811011425003,def
E,2024-05-01,1082,141.835179517992,105.158505496209,134.877507510105,def
E,2024-06-01,1082,167.001643317741,104.549325250455,159.734778835493,def
E,2024-07-01,1082,182.352588175697,110.991501579897,164.29418002209,def
E,2024-08-01,1082,143.193035240555,112.419167723397,127.374210012761,def
E,2024-09-01,1082,172.354619947312,114.381120659455,150.684491271642,def
E,2024-10-01,1082,188.508829621688,117.431645251133,160.526422068316,def
E,2024-11-01,1082,184.217526737157,121.205378203358,151.987905649884,def
E,2024-12-01,1082,159.415434208251,122.380245302048,130.262383775698,def
E,2025-01-01,1082,170.68754021344,129.52464980135,131.77995879764,def
E,2025-02-01,1082,161.652723168868,134.362613918571,120.310783569272,def
E,2025-03-01,1082,181.054699041931,136.439688667108,132.699429415635,def
E,2025-04-01,1082,182.439203607668,140.2940276613,130.040598222901,def
E,2025-05-01,1082,177.048698843733,143.010709319266,123.80100010599,def
E,2025-06-01,1082,184.841051048552,142.151369966942,130.031135249623,def
E,2025-07-01,1082,214.820536557514,141.024359771743,152.328664514735,def
E,2025-08-01,1082,181.477612917585,143.911789621894,126.103360041052,def
E,2025-09-01,1082,178.507415191455,143.858278938046,124.085597280389,def
E,2025-10-01,1082,207.013023741231,143.440233564574,144.320046322291,def
E,2025-11-01,1082,185.907973727046,148.568656946209,125.132693919249,def
E,2025-12-01,1082,165.335834998143,150.980759776329,109.507877352356,def
E,2026-01-01,1082,156.181600033341,149.847053122617,104.227335514644,prov
E,2026-02-01,1082,146.567141206444,148.040428940725,99.0048013276577,prov
E,2026-03-01,1082,165.008429762722,148.250893637184,111.303490978776,prov
E,2026-04-01,1082,151.972042394948,146.214920037088,103.937432232213,prov
E,2026-05-01,1082,142.284967076397,141.041501131194,100.881625293874,prov
E,2026-06-01,1082,182.185972680969,141.339645893886,128.89940453564,prov
E,2026-07-01,1082,184.71530282357,140.449424261793,131.517300903307,prov
E,2026-08-01,1082,168.488144751499,140.639215673013,119.801674093938,prov
E,2012-01-01,10821,100,100,100,def
E,2012-02-01,10821,100,100,100,def
E,2012-03-01,10821,100,100,100,def
E,2012-04-01,10821,100,100,100,def
E,2012-05-01,10821,100,100,100,def
E,2012-06-01,10821,100,100,100,def
E,2012-07-01,10821,100,100,100,def
E,2012-08-01,10821,100,100,100,def
E,2012-09-01,10821,100,100,100,def
E,2012-10-01,10821,100,100,100,def
E,2012-11-01,10821,100,100,100,def
E,2012-12-01,10821,100,100,100,def
E,2013-01-01,10821,144.367523193359,87.8056488037109,164.417129516602,def
E,2013-02-01,10821,111.490196228027,94.733024597168,117.688835144043,def
E,2013-03-01,10821,68.8771591186524,92.9968719482422,74.0639495849609,def
E,2013-04-01,10821,71.565673828125,90.3987884521484,79.166633605957,def
E,2013-05-01,10821,115.331657409668,89.9168472290039,128.264785766602,def
E,2013-06-01,10821,124.58984375,90.3454818725586,137.903793334961,def
E,2013-07-01,10821,162.58610534668,88.9519271850586,182.779739379883,def
E,2013-08-01,10821,136.612030029297,88.2883682250977,154.73388671875,def
E,2013-09-01,10821,146.696228027344,87.5989456176758,167.463470458984,def
E,2013-10-01,10821,143.940322875977,90.6057968139648,158.864364624023,def
E,2013-11-01,10821,107.195404052734,92.481086730957,115.910621643066,def
E,2013-12-01,10821,80.535888671875,93.361930847168,86.2620162963867,def
E,2014-01-01,10821,119.110359191895,90.1321487426758,132.150802612305,def
E,2014-02-01,10821,100.068771362305,89.9277725219727,111.276824951172,def
E,2014-03-01,10821,93.173698425293,90.8488388061524,102.559043884277,def
E,2014-04-01,10821,49.9543380737305,87.2227783203125,57.2721252441406,def
E,2014-05-01,10821,112.864105224609,96.2561798095703,117.253883361816,def
E,2014-06-01,10821,126.725936889648,91.6915969848633,138.208892822266,def
E,2014-07-01,10821,148.361709594727,92.002197265625,161.258880615234,def
E,2014-08-01,10821,124.609497070313,88.8246002197266,140.287139892578,def
E,2014-09-01,10821,137.651306152344,89.8806457519531,153.148986816406,def
E,2014-10-01,10821,143.891998291016,91.1549606323242,157.854278564453,def
E,2014-11-01,10821,121.849922180176,88.9936294555664,136.919830322266,def
E,2014-12-01,10821,76.9012680053711,86.0388259887695,89.3797302246094,def
E,2015-01-01,10821,128.601974487305,93.80810546875,137.090469360352,def
E,2015-02-01,10821,124.711433410645,101.8525390625,122.443130493164,def
E,2015-03-01,10821,73.1322021484375,102.346809387207,71.4552841186524,def
E,2015-04-01,10821,71.138671875,101.565322875977,70.0422821044922,def
E,2015-05-01,10821,124.585708618164,99.6094436645508,125.074195861816,def
E,2015-06-01,10821,143.304229736328,99.9889068603516,143.320129394531,def
E,2015-07-01,10821,165.365951538086,102.242645263672,161.738739013672,def
E,2015-08-01,10821,154.471954345703,100.030799865723,154.424392700195,def
E,2015-09-01,10821,153.147018432617,102.88712310791,148.849548339844,def
E,2015-10-01,10821,136.379745483398,100.39868927002,135.838180541992,def
E,2015-11-01,10821,158.100387573242,103.300048828125,153.049667358398,def
E,2015-12-01,10821,96.1078109741211,100.537239074707,95.5942459106445,def
E,2016-01-01,10821,136.861907958984,102.315567016602,133.764495849609,def
E,2016-02-01,10821,102.934646606445,104.024299621582,98.952507019043,def
E,2016-03-01,10821,42.5578002929688,102.768402099609,41.4113693237305,def
E,2016-04-01,10821,112.81615447998,104.84716796875,107.600578308105,def
E,2016-05-01,10821,123.00350189209,103.411773681641,118.945358276367,def
E,2016-06-01,10821,155.483963012695,102.038414001465,152.377868652344,def
E,2016-07-01,10821,146.453155517578,102.974517822266,142.222717285156,def
E,2016-08-01,10821,187.880569458008,101.20531463623,185.642990112305,def
E,2016-09-01,10821,187.204650878906,103.017211914063,181.721725463867,def
E,2016-10-01,10821,166.027862548828,102.414451599121,162.113708496094,def
E,2016-11-01,10821,179.405502319336,102.295013427734,175.380493164063,def
E,2016-12-01,10821,75.1837692260742,103.90502166748,72.3581695556641,def
E,2017-01-01,10821,133.221099853516,106.290962219238,125.336242675781,def
E,2017-02-01,10821,106.118148803711,108.558166503906,97.7523422241211,def
E,2017-03-01,10821,145.469787597656,108.251647949219,134.381134033203,def
E,2017-04-01,10821,38.3268966674805,109.660484313965,34.9505081176758,def
E,2017-05-01,10821,200.061264038086,108.109283447266,185.054656982422,def
E,2017-06-01,10821,195.663635253906,106.255233764648,184.144943237305,def
E,2017-07-01,10821,218.771362304688,107.287658691406,203.911026000977,def
E,2017-08-01,10821,201.771987915039,108.503936767578,185.958221435547,def
E,2017-09-01,10821,192.816665649414,105.000823974609,183.63346862793,def
E,2017-10-01,10821,183.384674072266,102.964408874512,178.104919433594,def
E,2017-11-01,10821,168.35090637207,98.9887924194336,170.070678710938,def
E,2017-12-01,10821,94.5222473144531,93.8080673217774,100.76131439209,def
E,2018-01-01,10821,143.093322753906,90.0383911132813,158.924789428711,def
E,2018-02-01,10821,87.1380462646484,86.9752807617188,100.187141418457,def
E,2018-03-01,10821,88.1013793945313,87.2852783203125,100.93497467041,def
E,2018-04-01,10821,101.144432067871,86.3886260986328,117.080726623535,def
E,2018-05-01,10821,140.416625976563,85.356086730957,164.506866455078,def
E,2018-06-01,10821,144.972549438477,86.2838897705078,168.018096923828,def
E,2018-07-01,10821,177.88720703125,86.7428741455078,205.074142456055,def
E,2018-08-01,10821,167.614074707031,85.250846862793,196.61279296875,def
E,2018-09-01,10821,162.753646850586,85.2716522216797,190.864883422852,def
E,2018-10-01,10821,167.991455078125,85.6212310791016,196.203033447266,def
E,2018-11-01,10821,157.169860839844,85.8562545776367,183.061630249023,def
E,2018-12-01,10821,75.6190032958984,86.7490234375,87.1698608398438,def
E,2019-01-01,10821,142.45475769043,86.3805923461914,164.915222167969,def
E,2019-02-01,10821,95.2925338745117,86.8790435791016,109.684143066406,def
E,2019-03-01,10821,119.672866821289,85.0975875854492,140.630157470703,def
E,2019-04-01,10821,32.9346809387207,86.3622970581055,38.1354827880859,def
E,2019-05-01,10821,160.754730224609,85.5158462524414,187.982376098633,def
E,2019-06-01,10821,136.003189086914,85.1918029785156,159.643508911133,def
E,2019-07-01,10821,209.20280456543,85.6865158081055,244.149032592773,def
E,2019-08-01,10821,186.097640991211,85.8576049804688,216.751480102539,def
E,2019-09-01,10821,187.32568359375,86.035888671875,217.729690551758,def
E,2019-10-01,10821,190.566925048828,86.4047698974609,220.551391601563,def
E,2019-11-01,10821,137.499359130859,84.7101364135742,162.317489624023,def
E,2019-12-01,10821,83.6362533569336,86.0294494628906,97.2181625366211,def
E,2020-01-01,10821,189.765625,88.0355453491211,215.555694580078,def
E,2020-02-01,10821,146.076629638672,90.7054290771484,161.045074462891,def
E,2020-03-01,10821,97.1738128662109,89.6109848022461,108.439613342285,def
E,2020-04-01,10821,103.867286682129,91.4577484130859,113.56859588623,def
E,2020-05-01,10821,161.305221557617,89.49609375,180.237167358398,def
E,2020-06-01,10821,162.663589477539,89.2430191040039,182.270385742188,def
E,2020-07-01,10821,182.326171875,88.4343338012695,206.171249389648,def
E,2020-08-01,10821,198.815872192383,89.3148345947266,222.601181030273,def
E,2020-09-01,10821,202.654403686523,89.3222198486328,226.880172729492,def
E,2020-10-01,10821,178.689819335938,88.7223510742188,201.403381347656,def
E,2020-11-01,10821,159.385192871094,87.832145690918,181.465667724609,def
E,2020-12-01,10821,96.682991027832,85.5577850341797,113.003150939941,def
E,2021-01-01,10821,171.464340209961,94.1482620239258,182.121627807617,def
E,2021-02-01,10821,161.317230224609,94.0930099487305,171.444442749023,def
E,2021-03-01,10821,133.616516113281,94.0207977294922,142.113784790039,def
E,2021-04-01,10821,104.35961151123,93.4955596923828,111.619857788086,def
E,2021-05-01,10821,171.395690917969,92.7146835327149,184.863586425781,def
E,2021-06-01,10821,186.120407104492,92.703987121582,200.768508911133,def
E,2021-07-01,10821,233.695785522461,93.0197677612305,251.232406616211,def
E,2021-08-01,10821,219.757400512695,93.2230377197266,235.732940673828,def
E,2021-09-01,10821,211.384323120117,93.0289154052734,227.224334716797,def
E,2021-10-01,10821,212.919235229492,92.9734344482422,229.010833740234,def
E,2021-11-01,10821,200.416610717773,93.0360336303711,215.418258666992,def
E,2021-12-01,10821,118.556800842285,92.7837371826172,127.777565002441,def
E,2022-01-01,10821,207.654510498047,94.0325317382812,220.832641601563,def
E,2022-02-01,10821,206.450241088867,97.1086120605469,212.597259521484,def
E,2022-03-01,10821,218.859832763672,96.8959426879883,225.871002197266,def
E,2022-04-01,10821,62.1640357971192,95.9040679931641,64.818977355957,def
E,2022-05-01,10821,205.854370117188,95.602897644043,215.322326660156,def
E,2022-06-01,10821,182.140960693359,96.2621917724609,189.213394165039,def
E,2022-07-01,10821,220.595672607422,94.8853378295899,232.486572265625,def
E,2022-08-01,10821,219.540298461914,94.4116897583008,232.535079956055,def
E,2022-09-01,10821,213.011535644531,95.0417861938477,224.124099731445,def
E,2022-10-01,10821,214.485412597656,94.2137680053711,227.658248901367,def
E,2022-11-01,10821,230.109771728516,95.9290161132813,239.875045776367,def
E,2022-12-01,10821,110.717910766602,88.7076034545899,124.812194824219,def
E,2023-01-01,10821,243.299896240234,92.5824432373047,262.792694091797,def
E,2023-02-01,10821,210.427932739258,93.9663162231445,223.939743041992,def
E,2023-03-01,10821,236.240829467773,93.9800415039062,251.373413085938,def
E,2023-04-01,10821,107.742614746094,96.327522277832,111.850296020508,def
E,2023-05-01,10821,250.77783203125,94.2560806274414,266.060089111328,def
E,2023-06-01,10821,279.538940429688,94.5629959106445,295.611328125,def
E,2023-07-01,10821,278.545379638672,93.8403701782227,296.828948974609,def
E,2023-08-01,10821,245.609451293945,95.2203369140625,257.938018798828,def
E,2023-09-01,10821,289.507446289063,94.7802810668945,305.451141357422,def
E,2023-10-01,10821,310.727844238281,94.8743362426758,327.515167236328,def
E,2023-11-01,10821,262.609100341797,94.8532104492188,276.858428955078,def
E,2023-12-01,10821,170.59912109375,95.7640838623047,178.145202636719,def
E,2024-01-01,10821,196.11827193881,102.391221835954,191.538172390099,def
E,2024-02-01,10821,222.385193557678,104.653287474098,212.497096257369,def
E,2024-03-01,10821,173.069728497458,105.462903702654,164.104841717811,def
E,2024-04-01,10821,228.237956922346,107.002946631016,213.300631115496,def
E,2024-05-01,10821,280.640762531438,106.981539037418,262.326350346307,def
E,2024-06-01,10821,340.164611218916,110.359642591346,308.232800078077,def
E,2024-07-01,10821,414.010837460379,120.262202093828,344.256829409913,def
E,2024-08-01,10821,298.753359422986,124.787972972896,239.408780315414,def
E,2024-09-01,10821,388.494837843288,127.157039102905,305.523663206695,def
E,2024-10-01,10821,457.806315971416,134.088858474875,341.420106268928,def
E,2024-11-01,10821,358.99064042297,132.735470384271,270.455700328908,def
E,2024-12-01,10821,255.530544729756,136.819168659593,186.765166907473,def
E,2025-01-01,10821,428.291447504748,165.779822220199,258.349567780689,def
E,2025-02-01,10821,453.758463728459,172.774710211064,262.630144330387,def
E,2025-03-01,10821,429.653839266016,168.700133699659,254.684946913488,def
E,2025-04-01,10821,287.383147995933,177.373940353255,162.021067975542,def
E,2025-05-01,10821,443.855262625022,174.239814269171,254.738144320109,def
E,2025-06-01,10821,443.913154226699,169.192620518923,262.371467370836,def
E,2025-07-01,10821,602.655310674042,166.494071481613,361.968035675234,def
E,2025-08-01,10821,389.727884300443,167.982028768669,232.005705149221,def
E,2025-09-01,10821,618.264230943978,171.13261096826,361.277863449041,def
E,2025-10-01,10821,503.452774438629,173.035384989216,290.953658009914,def
E,2025-11-01,10821,471.924110293164,183.586466597184,257.058227868588,def
E,2025-12-01,10821,284.707723938895,199.106970527421,142.992346083001,def
E,2026-01-01,10821,574.247504504973,220.383921568153,260.566882266289,prov
E,2026-02-01,10821,530.679714156926,228.020514109048,232.733324233322,prov
E,2026-03-01,10821,481.521823314183,220.590674520462,218.287482849631,prov
E,2026-04-01,10821,436.866784968258,221.431282651561,197.292264461998,prov
E,2026-05-01,10821,380.637586584744,217.65622763588,174.880175332383,prov
E,2026-06-01,10821,575.664802795481,223.353604138274,257.736970030048,prov
E,2026-07-01,10821,708.841036052059,214.12754187739,331.036839480921,prov
E,2026-08-01,10821,584.573246137581,214.068235866668,273.077999112304,prov
E,2012-01-01,108221,100,100,100,def
E,2012-02-01,108221,100,100,100,def
E,2012-03-01,108221,100,100,100,def
E,2012-04-01,108221,100,100,100,def
E,2012-05-01,108221,100,100,100,def
E,2012-06-01,108221,100,100,100,def
E,2012-07-01,108221,100,100,100,def
E,2012-08-01,108221,100,100,100,def
E,2012-09-01,108221,100,100,100,def
E,2012-10-01,108221,100,100,100,def
E,2012-11-01,108221,100,100,100,def
E,2012-12-01,108221,100,100,100,def
E,2013-01-01,108221,102.147315979004,95.8872756958008,106.528549194336,def
E,2013-02-01,108221,87.6951446533203,95.7318954467774,91.6049423217773,def
E,2013-03-01,108221,93.4650344848633,97.6661758422852,95.6984710693359,def
E,2013-04-01,108221,86.7913436889648,98.8838958740234,87.7709579467773,def
E,2013-05-01,108221,92.2049713134766,96.5164108276367,95.5329437255859,def
E,2013-06-01,108221,100.25562286377,94.7573471069336,105.80248260498,def
E,2013-07-01,108221,84.7722930908203,94.910758972168,89.3178939819336,def
E,2013-08-01,108221,85.2940216064453,94.869873046875,89.9063339233399,def
E,2013-09-01,108221,136.074798583984,91.8689575195313,148.118362426758,def
E,2013-10-01,108221,141.890380859375,94.2604904174805,150.530059814453,def
E,2013-11-01,108221,107.716575622559,96.0857620239258,112.104614257813,def
E,2013-12-01,108221,101.543739318848,98.2930374145508,103.307151794434,def
E,2014-01-01,108221,91.968391418457,97.1494445800781,94.6669235229492,def
E,2014-02-01,108221,104.258415222168,98.3626022338867,105.993965148926,def
E,2014-03-01,108221,112.399444580078,99.3941650390625,113.084548950195,def
E,2014-04-01,108221,115.954284667969,104.841468811035,110.599639892578,def
E,2014-05-01,108221,82.4302978515625,102.862617492676,80.1362991333008,def
E,2014-06-01,108221,109.920166015625,104.605850219727,105.080322265625,def
E,2014-07-01,108221,104.527740478516,102.137886047363,102.339828491211,def
E,2014-08-01,108221,81.5275344848633,103.230506896973,78.976203918457,def
E,2014-09-01,108221,115.065010070801,100.721336364746,114.240943908691,def
E,2014-10-01,108221,119.858459472656,107.405326843262,111.594512939453,def
E,2014-11-01,108221,120.92333984375,106.189643859863,113.874893188477,def
E,2014-12-01,108221,94.6333770751953,102.003364562988,92.7747573852539,def
E,2015-01-01,108221,115.066497802734,99.4019012451172,115.758850097656,def
E,2015-02-01,108221,112.23429107666,101.355545043945,110.733253479004,def
E,2015-03-01,108221,108.375,93.2402801513672,116.231948852539,def
E,2015-04-01,108221,94.5311813354492,93.4950790405273,101.108192443848,def
E,2015-05-01,108221,118.392929077148,90.1355133056641,131.34992980957,def
E,2015-06-01,108221,103.756393432617,86.8349227905273,119.486946105957,def
E,2015-07-01,108221,113.871376037598,84.3542327880859,134.991897583008,def
E,2015-08-01,108221,123.411682128906,87.8846969604492,140.424530029297,def
E,2015-09-01,108221,116.159660339355,88.4594268798828,131.314056396484,def
E,2015-10-01,108221,116.402778625488,89.3211288452149,130.319412231445,def
E,2015-11-01,108221,127.074760437012,88.5583419799805,143.492706298828,def
E,2015-12-01,108221,111.49609375,90.5080718994141,123.189117431641,def
E,2016-01-01,108221,109.996971130371,92.1829833984375,119.324584960938,def
E,2016-02-01,108221,98.482795715332,90.6290817260742,108.66577911377,def
E,2016-03-01,108221,118.960525512695,91.3772888183594,130.186096191406,def
E,2016-04-01,108221,142.925048828125,86.3127975463867,165.589630126953,def
E,2016-05-01,108221,133.970413208008,84.0276107788086,159.436187744141,def
E,2016-06-01,108221,155.102645874023,86.1856155395508,179.963500976563,def
E,2016-07-01,108221,113.632179260254,85.4598770141602,132.965530395508,def
E,2016-08-01,108221,129.228927612305,83.8190002441406,154.176177978516,def
E,2016-09-01,108221,139.377639770508,89.3237915039063,156.036407470703,def
E,2016-10-01,108221,115.253021240234,92.8715744018555,124.09935760498,def
E,2016-11-01,108221,113.388610839844,88.7099838256836,127.819450378418,def
E,2016-12-01,108221,111.99829864502,90.6241989135742,123.585426330566,def
E,2017-01-01,108221,95.2574768066406,92.0118103027344,103.527450561523,def
E,2017-02-01,108221,99.2712783813477,93.0129623413086,106.72843170166,def
E,2017-03-01,108221,148.756942749023,91.231559753418,163.054260253906,def
E,2017-04-01,108221,84.7494277954102,91.1299209594727,92.9984664916992,def
E,2017-05-01,108221,115.32738494873,90.935920715332,126.822700500488,def
E,2017-06-01,108221,100.865921020508,87.3242340087891,115.507369995117,def
E,2017-07-01,108221,102.71834564209,90.6075439453125,113.3662109375,def
E,2017-08-01,108221,120.918655395508,89.6270904541016,134.913070678711,def
E,2017-09-01,108221,97.0764770507813,92.4614334106445,104.991317749023,def
E,2017-10-01,108221,108.716247558594,93.8318099975586,115.862892150879,def
E,2017-11-01,108221,179.616271972656,95.1001052856445,188.870727539063,def
E,2017-12-01,108221,136.240264892578,94.270149230957,144.521102905273,def
E,2018-01-01,108221,121.996025085449,92.7335205078125,131.555480957031,def
E,2018-02-01,108221,101.89973449707,93.4966735839844,108.987548828125,def
E,2018-03-01,108221,154.632186889648,92.1284408569336,167.844131469727,def
E,2018-04-01,108221,109.878677368164,93.2752685546875,117.800445556641,def
E,2018-05-01,108221,110.786041259766,91.8229370117188,120.651817321777,def
E,2018-06-01,108221,137.126281738281,93.0600662231445,147.352447509766,def
E,2018-07-01,108221,99.949951171875,90.7268218994141,110.165824890137,def
E,2018-08-01,108221,132.571807861328,90.5768585205078,146.363891601563,def
E,2018-09-01,108221,89.1570663452148,90.0022048950195,99.0609817504883,def
E,2018-10-01,108221,121.482460021973,92.2619934082031,131.671188354492,def
E,2018-11-01,108221,127.533668518066,94.4812622070313,134.983032226563,def
E,2018-12-01,108221,91.1389617919922,95.3887481689453,95.5447692871094,def
E,2019-01-01,108221,111.529876708984,93.2923736572266,119.548759460449,def
E,2019-02-01,108221,126.802825927734,91.5806732177734,138.460250854492,def
E,2019-03-01,108221,142.845260620117,92.8684310913086,153.814666748047,def
E,2019-04-01,108221,97.8746566772461,90.3992538452149,108.269317626953,def
E,2019-05-01,108221,127.09928894043,89.8490982055664,141.458618164063,def
E,2019-06-01,108221,116.204620361328,90.3972778320312,128.548812866211,def
E,2019-07-01,108221,82.1309814453125,88.5860214233398,92.7132568359375,def
E,2019-08-01,108221,112.238082885742,91.3424301147461,122.876174926758,def
E,2019-09-01,108221,92.6957626342774,91.067268371582,101.788238525391,def
E,2019-10-01,108221,124.074569702148,92.6850509643555,133.86686706543,def
E,2019-11-01,108221,109.295837402344,94.0129623413086,116.256134033203,def
E,2019-12-01,108221,99.5342864990234,94.0505447387695,105.830635070801,def
E,2020-01-01,108221,87.4014663696289,91.026741027832,96.0173568725586,def
E,2020-02-01,108221,119.216995239258,88.0418472290039,135.409454345703,def
E,2020-03-01,108221,89.6210708618164,90.9201278686523,98.5712127685547,def
E,2020-04-01,108221,66.1999282836914,89.8499755859375,73.6782913208008,def
E,2020-05-01,108221,47.8873710632324,91.2143630981445,52.4998168945313,def
E,2020-06-01,108221,72.8262252807617,91.4546966552734,79.6309280395508,def
E,2020-07-01,108221,71.5868072509766,88.6713027954102,80.7327880859375,def
E,2020-08-01,108221,59.1618499755859,91.4920806884766,64.6633605957031,def
E,2020-09-01,108221,92.4403762817383,92.0221328735352,100.45450592041,def
E,2020-10-01,108221,88.2338333129883,92.2416687011719,95.6550750732422,def
E,2020-11-01,108221,74.7101669311524,88.9728775024414,83.969596862793,def
E,2020-12-01,108221,100.890411376953,95.2632446289063,105.906967163086,def
E,2021-01-01,108221,63.7947502136231,92.3465805053711,69.0818786621094,def
E,2021-02-01,108221,68.8815994262695,96.3458251953125,71.4941177368164,def
E,2021-03-01,108221,78.4286727905274,94.8013610839844,82.7294769287109,def
E,2021-04-01,108221,102.326713562012,92.6219711303711,110.477798461914,def
E,2021-05-01,108221,103.252655029297,92.3533630371094,111.801734924316,def
E,2021-06-01,108221,101.21272277832,91.4181289672852,110.714057922363,def
E,2021-07-01,108221,111.884651184082,91.9142150878906,121.727264404297,def
E,2021-08-01,108221,93.8433609008789,93.6823348999024,100.171882629395,def
E,2021-09-01,108221,104.492744445801,94.1911392211914,110.936920166016,def
E,2021-10-01,108221,100.482681274414,90.6927642822266,110.79460144043,def
E,2021-11-01,108221,100.816177368164,95.0827941894531,106.029884338379,def
E,2021-12-01,108221,90.8761291503906,93.408332824707,97.2891006469727,def
E,2022-01-01,108221,101.82861328125,90.2645721435547,112.811279296875,def
E,2022-02-01,108221,106.822883605957,91.1831741333008,117.151969909668,def
E,2022-03-01,108221,110.622337341309,92.6369552612305,119.414909362793,def
E,2022-04-01,108221,125.12281036377,91.3132705688477,137.02587890625,def
E,2022-05-01,108221,142.699737548828,90.3499984741211,157.941055297852,def
E,2022-06-01,108221,92.0312576293945,94.2919616699219,97.6024398803711,def
E,2022-07-01,108221,154.435699462891,91.6884460449219,168.435287475586,def
E,2022-08-01,108221,117.584289550781,92.3727569580078,127.293258666992,def
E,2022-09-01,108221,121.657165527344,87.4080429077148,139.183029174805,def
E,2022-10-01,108221,95.7728958129883,95.5492706298828,100.234046936035,def
E,2022-11-01,108221,106.222816467285,92.6059799194336,114.704055786133,def
E,2022-12-01,108221,104.210479736328,94.3540573120117,110.44620513916,def
E,2023-01-01,108221,116.434036254883,93.5849990844727,124.415267944336,def
E,2023-02-01,108221,96.9552154541016,95.3989410400391,101.631332397461,def
E,2023-03-01,108221,136.716125488281,95.1169586181641,143.734756469727,def
E,2023-04-01,108221,99.8671035766602,95.0711517333984,105.044593811035,def
E,2023-05-01,108221,120.010208129883,95.5141983032227,125.646469116211,def
E,2023-06-01,108221,123.351387023926,95.9810028076172,128.516464233398,def
E,2023-07-01,108221,138.623245239258,91.715087890625,151.145523071289,def
E,2023-08-01,108221,94.8250350952148,94.2788009643555,100.579383850098,def
E,2023-09-01,108221,99.0158462524414,99.6564025878906,99.3572311401367,def
E,2023-10-01,108221,112.410537719727,98.9618225097656,113.589797973633,def
E,2023-11-01,108221,114.522308349609,99.1559219360352,115.497200012207,def
E,2023-12-01,108221,93.0296630859375,101.699569702148,91.4749908447266,def
E,2024-01-01,108221,128.576233324649,97.3062069550059,132.135690509998,def
E,2024-02-01,108221,178.465208069444,96.8742349550064,184.223598165971,def
E,2024-03-01,108221,169.504990364455,99.3467071884627,170.619629739414,def
E,2024-04-01,108221,221.416717818158,100.649937098362,219.986932768944,def
E,2024-05-01,108221,205.548258218225,99.4373162733662,206.711381762159,def
E,2024-06-01,108221,290.269095040885,102.059007354945,284.412999500993,def
E,2024-07-01,108221,239.442771288116,109.043944969329,219.583730497945,def
E,2024-08-01,108221,205.480837637666,115.261315682674,178.273888911332,def
E,2024-09-01,108221,235.283981256012,117.063051612296,200.989098720893,def
E,2024-10-01,108221,266.762041504434,128.149307002975,208.165020684986,def
E,2024-11-01,108221,254.4613256966,140.248803500465,181.435641328846,def
E,2024-12-01,108221,132.180956966955,137.358217274632,96.2308295767853,def
E,2025-01-01,108221,170.422586720733,140.009350893866,121.722284402324,def
E,2025-02-01,108221,205.401330959722,145.492029330375,141.177028149436,def
E,2025-03-01,108221,223.147825781596,147.603896100563,151.180167495437,def
E,2025-04-01,108221,277.222694082855,152.622399059861,181.639579328761,def
E,2025-05-01,108221,223.407902362255,159.547526688582,140.025921154846,def
E,2025-06-01,108221,239.977986973785,156.387778715993,153.450595616584,def
E,2025-07-01,108221,177.318336641887,155.683887906098,113.896391161926,def
E,2025-08-01,108221,305.433539468171,161.610571725364,188.993532213225,def
E,2025-09-01,108221,237.750582362151,154.078007308574,154.305327240878,def
E,2025-10-01,108221,247.021115127225,148.367948900513,166.492229372489,def
E,2025-11-01,108221,174.143300820028,150.202594441924,115.938938931576,def
E,2025-12-01,108221,181.130147445349,149.781743840804,120.92938428975,def
E,2026-01-01,108221,132.195207738498,142.451299934625,92.8002782754068,prov
E,2026-02-01,108221,166.249320430194,139.136606050277,119.486394609817,prov
E,2026-03-01,108221,78.9444940256781,142.449770155216,55.4191775517729,prov
E,2026-04-01,108221,164.54621793868,139.737558658157,117.75374731376,prov
E,2026-05-01,108221,157.280173444301,138.799128020542,113.314953593572,prov
E,2026-06-01,108221,160.817521603426,139.07545093509,115.633287146671,prov
E,2026-07-01,108221,223.884491456133,138.017802767199,162.214206075268,prov
E,2026-08-01,108221,199.033761533222,141.843070260555,140.319688266254,prov
E,2012-01-01,108222,100,100,100,def
E,2012-02-01,108222,100,100,100,def
E,2012-03-01,108222,100,100,100,def
E,2012-04-01,108222,100,100,100,def
E,2012-05-01,108222,100,100,100,def
E,2012-06-01,108222,100,100,100,def
E,2012-07-01,108222,100,100,100,def
E,2012-08-01,108222,100,100,100,def
E,2012-09-01,108222,100,100,100,def
E,2012-10-01,108222,100,100,100,def
E,2012-11-01,108222,100,100,100,def
E,2012-12-01,108222,100,100,100,def
E,2013-01-01,108222,95.3706893920898,99.519645690918,95.8310165405273,def
E,2013-02-01,108222,98.32958984375,100.097457885742,98.2338562011719,def
E,2013-03-01,108222,95.3913650512695,99.2341766357422,96.1275329589844,def
E,2013-04-01,108222,77.1926651000977,100.865814208984,76.5300521850586,def
E,2013-05-01,108222,90.1776123046875,101.248428344727,89.0656890869141,def
E,2013-06-01,108222,100.751770019531,98.392936706543,102.397361755371,def
E,2013-07-01,108222,114.730682373047,98.5979690551758,116.362113952637,def
E,2013-08-01,108222,114.527984619141,97.2044677734375,117.821739196777,def
E,2013-09-01,108222,125.44051361084,97.1208724975586,129.159164428711,def
E,2013-10-01,108222,132.685012817383,100.448783874512,132.092208862305,def
E,2013-11-01,108222,121.718620300293,104.589225769043,116.377777099609,def
E,2013-12-01,108222,99.6519470214844,103.009292602539,96.7407379150391,def
E,2014-01-01,108222,95.4126052856445,101.009735107422,94.4588165283203,def
E,2014-02-01,108222,95.2592086791992,99.9097900390625,95.34521484375,def
E,2014-03-01,108222,93.9757614135742,101.220932006836,92.8422241210938,def
E,2014-04-01,108222,86.9573669433594,100.193954467773,86.7890396118164,def
E,2014-05-01,108222,96.4702682495117,101.657608032227,94.8972396850586,def
E,2014-06-01,108222,99.1723251342773,104.357856750488,95.0310134887695,def
E,2014-07-01,108222,115.385116577148,103.327972412109,111.668807983398,def
E,2014-08-01,108222,124.784461975098,101.35408782959,123.117347717285,def
E,2014-09-01,108222,138.261596679688,101.001777648926,136.890258789063,def
E,2014-10-01,108222,151.530212402344,101.597702026367,149.147277832031,def
E,2014-11-01,108222,129.265686035156,105.920959472656,122.039756774902,def
E,2014-12-01,108222,103.616485595703,106.287574768066,97.4869155883789,def
E,2015-01-01,108222,95.9536666870117,104.795845031738,91.5624694824219,def
E,2015-02-01,108222,88.894287109375,100.669647216797,88.3029708862305,def
E,2015-03-01,108222,97.2301940917969,101.176727294922,96.099365234375,def
E,2015-04-01,108222,82.6067886352539,100.595108032227,82.1180953979492,def
E,2015-05-01,108222,87.925521850586,101.759246826172,86.4054412841797,def
E,2015-06-01,108222,103.933197021484,99.4327163696289,104.526161193848,def
E,2015-07-01,108222,118.987113952637,100.756637573242,118.093574523926,def
E,2015-08-01,108222,128.729888916016,101.736442565918,126.532730102539,def
E,2015-09-01,108222,152.020462036133,101.478744506836,149.805221557617,def
E,2015-10-01,108222,141.056594848633,101.685340881348,138.718704223633,def
E,2015-11-01,108222,120.13159942627,104.673881530762,114.767501831055,def
E,2015-12-01,108222,101.242752075195,104.963790893555,96.4549331665039,def
E,2016-01-01,108222,87.7375869750977,101.70174407959,86.2695007324219,def
E,2016-02-01,108222,105.003845214844,102.289756774902,102.653335571289,def
E,2016-03-01,108222,95.1223449707031,102.522277832031,92.7821197509766,def
E,2016-04-01,108222,85.1084823608399,101.820640563965,83.5866622924805,def
E,2016-05-01,108222,81.7443237304688,104.757202148438,78.0321731567383,def
E,2016-06-01,108222,108.846405029297,102.286109924316,106.413665771484,def
E,2016-07-01,108222,113.631423950195,100.591461181641,112.963287353516,def
E,2016-08-01,108222,124.726669311523,99.7653961181641,125.019973754883,def
E,2016-09-01,108222,144.470718383789,100.186492919922,144.201797485352,def
E,2016-10-01,108222,139.214752197266,100.338806152344,138.744674682617,def
E,2016-11-01,108222,133.572021484375,101.65185546875,131.401458740234,def
E,2016-12-01,108222,93.022819519043,101.779113769531,91.3967666625977,def
E,2017-01-01,108222,101.85514831543,101.838073730469,100.01676940918,def
E,2017-02-01,108222,100.877624511719,102.279083251953,98.629768371582,def
E,2017-03-01,108222,103.473518371582,101.596641540527,101.847381591797,def
E,2017-04-01,108222,90.0409469604492,101.348686218262,88.8427352905273,def
E,2017-05-01,108222,106.867256164551,100.247596740723,106.603309631348,def
E,2017-06-01,108222,111.408462524414,99.2436218261719,112.25756072998,def
E,2017-07-01,108222,121.810157775879,98.7477569580078,123.354850769043,def
E,2017-08-01,108222,130.782836914063,99.5501098632813,131.373870849609,def
E,2017-09-01,108222,140.226135253906,100.773803710938,139.149383544922,def
E,2017-10-01,108222,144.535186767578,100.673484802246,143.568283081055,def
E,2017-11-01,108222,146.009918212891,101.112716674805,144.403121948242,def
E,2017-12-01,108222,111.618041992188,99.301628112793,112.403038024902,def
E,2018-01-01,108222,115.06388092041,97.5331420898438,117.974136352539,def
E,2018-02-01,108222,117.729148864746,96.9816284179688,121.393249511719,def
E,2018-03-01,108222,113.674942016602,94.4104766845703,120.405006408691,def
E,2018-04-01,108222,89.4335479736328,93.6309814453125,95.5170440673828,def
E,2018-05-01,108222,98.576301574707,94.4415664672852,104.378089904785,def
E,2018-06-01,108222,122.191520690918,94.5820083618164,129.191070556641,def
E,2018-07-01,108222,122.309768676758,94.5592575073242,129.347213745117,def
E,2018-08-01,108222,125.867713928223,97.7600784301758,128.751647949219,def
E,2018-09-01,108222,133.659042358398,96.221809387207,138.907211303711,def
E,2018-10-01,108222,135.716339111328,96.0977935791016,141.227325439453,def
E,2018-11-01,108222,141.90022277832,100.735176086426,140.864624023438,def
E,2018-12-01,108222,101.457420349121,98.9197235107422,102.565406799316,def
E,2019-01-01,108222,104.117393493652,94.8178405761719,109.807807922363,def
E,2019-02-01,108222,112.896675109863,95.4724349975586,118.250549316406,def
E,2019-03-01,108222,115.834747314453,94.8107528686523,122.174697875977,def
E,2019-04-01,108222,88.0644607543945,91.1615371704102,96.602653503418,def
E,2019-05-01,108222,96.0408477783203,88.8913040161133,108.043022155762,def
E,2019-06-01,108222,100.16471862793,90.9083480834961,110.182098388672,def
E,2019-07-01,108222,136.330993652344,90.7281341552734,150.26318359375,def
E,2019-08-01,108222,124.026512145996,90.8510055541992,136.516387939453,def
E,2019-09-01,108222,126.877876281738,93.1668548583984,136.183486938477,def
E,2019-10-01,108222,147.758941650391,92.4031524658203,159.906814575195,def
E,2019-11-01,108222,133.712966918945,93.8032608032227,142.546188354492,def
E,2019-12-01,108222,109.594985961914,93.4574356079102,117.267272949219,def
E,2020-01-01,108222,103.725639343262,91.7206802368164,113.088607788086,def
E,2020-02-01,108222,112.327903747559,91.3997192382813,122.897430419922,def
E,2020-03-01,108222,101.604217529297,88.3715972900391,114.973846435547,def
E,2020-04-01,108222,73.0509490966797,86.1609268188477,84.784309387207,def
E,2020-05-01,108222,82.3730850219727,85.575798034668,96.257453918457,def
E,2020-06-01,108222,87.6399383544922,86.7539596557617,101.021255493164,def
E,2020-07-01,108222,102.086418151855,89.2053375244141,114.439804077148,def
E,2020-08-01,108222,92.0063934326172,87.3397903442383,105.343040466309,def
E,2020-09-01,108222,120.816703796387,89.684211730957,134.713455200195,def
E,2020-10-01,108222,120.412017822266,90.1812591552734,133.522216796875,def
E,2020-11-01,108222,108.682052612305,92.768913269043,117.153526306152,def
E,2020-12-01,108222,88.1369476318359,92.7005996704102,95.0770034790039,def
E,2021-01-01,108222,88.2218475341797,90.3473358154297,97.6474227905273,def
E,2021-02-01,108222,92.2984390258789,90.6199340820313,101.852241516113,def
E,2021-03-01,108222,113.627540588379,88.6441802978516,128.183868408203,def
E,2021-04-01,108222,88.9130096435547,88.9547348022461,99.9530944824219,def
E,2021-05-01,108222,91.9708404541016,88.7216339111328,103.662246704102,def
E,2021-06-01,108222,107.573432922363,88.8216094970703,121.111785888672,def
E,2021-07-01,108222,123.3330078125,89.052734375,138.494354248047,def
E,2021-08-01,108222,108.417373657227,89.7017517089844,120.864273071289,def
E,2021-09-01,108222,126.52555847168,89.7645950317383,140.95263671875,def
E,2021-10-01,108222,133.924057006836,91.3530578613281,146.600524902344,def
E,2021-11-01,108222,134.04704284668,91.7817230224609,146.049819946289,def
E,2021-12-01,108222,109.278778076172,92.8135375976563,117.740127563477,def
E,2022-01-01,108222,100.447456359863,90.3003616333008,111.23705291748,def
E,2022-02-01,108222,117.142196655273,88.0023803710938,133.112533569336,def
E,2022-03-01,108222,129.217422485352,87.8716735839844,147.05241394043,def
E,2022-04-01,108222,85.8852081298828,88.432502746582,97.1195068359375,def
E,2022-05-01,108222,107.797927856445,85.1595611572266,126.583473205566,def
E,2022-06-01,108222,104.420135498047,86.8812103271485,120.18724822998,def
E,2022-07-01,108222,116.258239746094,87.1067733764649,133.466369628906,def
E,2022-08-01,108222,121.111213684082,87.9939422607422,137.635848999023,def
E,2022-09-01,108222,127.556190490723,88.8197250366211,143.612457275391,def
E,2022-10-01,108222,141.165344238281,91.2288513183594,154.737609863281,def
E,2022-11-01,108222,141.679061889648,90.0475463867188,157.33805847168,def
E,2022-12-01,108222,120.807891845703,93.5165939331055,129.183364868164,def
E,2023-01-01,108222,111.976608276367,94.170166015625,118.908798217773,def
E,2023-02-01,108222,124.547698974609,94.9300308227539,131.199462890625,def
E,2023-03-01,108222,135.127319335938,93.7297210693359,144.1669921875,def
E,2023-04-01,108222,93.9643173217774,94.7721939086914,99.1475601196289,def
E,2023-05-01,108222,117.512741088867,91.7474746704102,128.082809448242,def
E,2023-06-01,108222,123.215316772461,91.6369552612305,134.46028137207,def
E,2023-07-01,108222,131.02311706543,92.8680877685547,141.085189819336,def
E,2023-08-01,108222,138.709564208984,94.9473266601563,146.091064453125,def
E,2023-09-01,108222,142.227264404297,95.7025299072266,148.613906860352,def
E,2023-10-01,108222,158.532684326172,97.2899932861328,162.948608398438,def
E,2023-11-01,108222,156.574005126953,98.0072860717774,159.757522583008,def
E,2023-12-01,108222,129.660003662109,108.358345031738,119.65852355957,def
E,2024-01-01,108222,122.973403685983,108.795745094799,113.031438641839,def
E,2024-02-01,108222,118.484866421522,103.987989969974,113.940906942326,def
E,2024-03-01,108222,125.574651796507,101.907192562849,123.224515020697,def
E,2024-04-01,108222,102.806765397465,99.223573151556,103.61122421919,def
E,2024-05-01,108222,125.643358545068,103.910570099785,120.914889053455,def
E,2024-06-01,108222,148.033181575333,102.917309649248,143.837001434631,def
E,2024-07-01,108222,162.660621834382,110.283793380478,147.492760721304,def
E,2024-08-01,108222,135.747049592779,111.703152189798,121.524807755806,def
E,2024-09-01,108222,156.048372094797,114.227377892528,136.612049620002,def
E,2024-10-01,108222,171.953352672697,116.129034849329,148.070929854199,def
E,2024-11-01,108222,172.791836067054,120.118281454073,143.851396291566,def
E,2024-12-01,108222,157.889772986512,121.508201767927,129.94165055811,def
E,2025-01-01,108222,157.933718989992,126.482450970107,124.866104135453,def
E,2025-02-01,108222,142.395252932399,131.504911428913,108.281312329105,def
E,2025-03-01,108222,163.428669119519,133.918904613956,122.035540234164,def
E,2025-04-01,108222,168.046493107556,136.891445186108,122.758936606359,def
E,2025-05-01,108222,155.91509789483,140.550870687122,110.931428039148,def
E,2025-06-01,108222,166.298226401828,139.319616523764,119.364537435891,def
E,2025-07-01,108222,190.661185375339,139.196795659477,136.972386714189,def
E,2025-08-01,108222,165.947827568379,142.6195876556,116.356960315035,def
E,2025-09-01,108222,151.882378916236,144.072918864093,105.420484606092,def
E,2025-10-01,108222,194.28246833811,144.250455746354,134.684119347564,def
E,2025-11-01,108222,172.961740952763,150.399193458092,115.00176694512,def
E,2025-12-01,108222,163.862092970145,151.376042773861,108.248359213061,def
E,2026-01-01,108222,135.032760818668,145.763969718883,92.6379492048589,prov
E,2026-02-01,108222,126.428188132372,142.468294600765,88.7412742902716,prov
E,2026-03-01,108222,150.306952297657,144.9141711009,103.72135560826,prov
E,2026-04-01,108222,137.352330804835,143.090841742599,95.9895968134879,prov
E,2026-05-01,108222,125.341109579705,137.73117617196,91.00416121354,prov
E,2026-06-01,108222,162.284033046589,135.820692672824,119.484019354942,prov
E,2026-07-01,108222,155.077239234192,135.369527241879,114.558447921783,prov
E,2026-08-01,108222,148.446287619561,135.523375645506,109.535552422272,prov
E,2012-01-01,108223,100,100,100,def
E,2012-02-01,108223,100,100,100,def
E,2012-03-01,108223,100,100,100,def
E,2012-04-01,108223,100,100,100,def
E,2012-05-01,108223,100,100,100,def
E,2012-06-01,108223,100,100,100,def
E,2012-07-01,108223,100,100,100,def
E,2012-08-01,108223,100,100,100,def
E,2012-09-01,108223,100,100,100,def
E,2012-10-01,108223,100,100,100,def
E,2012-11-01,108223,100,100,100,def
E,2012-12-01,108223,100,100,100,def
E,2013-01-01,108223,90.5515899658203,96.1818389892578,94.1462478637695,def
E,2013-02-01,108223,100.264595031738,100.079948425293,100.184501647949,def
E,2013-03-01,108223,91.4439468383789,100.756164550781,90.7576675415039,def
E,2013-04-01,108223,90.3957366943359,99.7811813354492,90.5939788818359,def
E,2013-05-01,108223,93.2804412841797,106.428291320801,87.6462860107422,def
E,2013-06-01,108223,102.939346313477,102.738510131836,100.19548034668,def
E,2013-07-01,108223,125.746788024902,104.780693054199,120.009506225586,def
E,2013-08-01,108223,104.981872558594,102.434944152832,102.486381530762,def
E,2013-09-01,108223,122.096839904785,102.035552978516,119.661071777344,def
E,2013-10-01,108223,123.197006225586,102.851097106934,119.78190612793,def
E,2013-11-01,108223,116.305282592773,103.095222473145,112.813453674316,def
E,2013-12-01,108223,106.081802368164,104.471534729004,101.541343688965,def
E,2014-01-01,108223,102.342178344727,105.371383666992,97.1252059936523,def
E,2014-02-01,108223,109.912017822266,104.70573425293,104.972297668457,def
E,2014-03-01,108223,106.525024414063,102.206153869629,104.225639343262,def
E,2014-04-01,108223,91.9404144287109,103.837379455566,88.5426940917969,def
E,2014-05-01,108223,98.4426879882812,101.506759643555,96.9814071655274,def
E,2014-06-01,108223,99.0672073364258,105.19066619873,94.1787033081055,def
E,2014-07-01,108223,125.090682983398,104.142295837402,120.11515045166,def
E,2014-08-01,108223,100.276466369629,102.076835632324,98.2362594604492,def
E,2014-09-01,108223,130.290084838867,102.673187255859,126.89786529541,def
E,2014-10-01,108223,129.258651733398,103.688980102539,124.659957885742,def
E,2014-11-01,108223,120.987236022949,104.836090087891,115.406089782715,def
E,2014-12-01,108223,103.151466369629,105.018135070801,98.222526550293,def
E,2015-01-01,108223,106.685737609863,107.005615234375,99.7010650634766,def
E,2015-02-01,108223,109.395027160645,102.779022216797,106.437118530273,def
E,2015-03-01,108223,113.665351867676,105.619995117188,107.617263793945,def
E,2015-04-01,108223,107.789993286133,105.482261657715,102.187789916992,def
E,2015-05-01,108223,102.106163024902,102.760841369629,99.362907409668,def
E,2015-06-01,108223,124.660606384277,103.469398498535,120.480651855469,def
E,2015-07-01,108223,148.528533935547,104.818237304688,141.701049804688,def
E,2015-08-01,108223,126.924201965332,105.226844787598,120.619598388672,def
E,2015-09-01,108223,141.504730224609,107.778923034668,131.291656494141,def
E,2015-10-01,108223,143.678863525391,110.215744018555,130.361465454102,def
E,2015-11-01,108223,134.210968017578,111.198509216309,120.694931030273,def
E,2015-12-01,108223,111.347007751465,113.61206817627,98.0063171386719,def
E,2016-01-01,108223,105.173873901367,110.284057617188,95.366340637207,def
E,2016-02-01,108223,120.407585144043,113.553237915039,106.036247253418,def
E,2016-03-01,108223,110.943511962891,109.858612060547,100.98754119873,def
E,2016-04-01,108223,106.824211120605,111.105339050293,96.1467819213867,def
E,2016-05-01,108223,97.9155654907227,110.654151916504,88.487922668457,def
E,2016-06-01,108223,134.232223510742,109.849235534668,122.196769714355,def
E,2016-07-01,108223,119.037658691406,107.559425354004,110.671531677246,def
E,2016-08-01,108223,118.27564239502,108.70189666748,108.807342529297,def
E,2016-09-01,108223,148.959747314453,108.229362487793,137.633392333984,def
E,2016-10-01,108223,135.717132568359,105.307113647461,128.877456665039,def
E,2016-11-01,108223,129.630767822266,104.187446594238,124.420715332031,def
E,2016-12-01,108223,114.483551025391,101.087928771973,113.251449584961,def
E,2017-01-01,108223,124.144638061523,106.589561462402,116.469787597656,def
E,2017-02-01,108223,118.322868347168,104.599197387695,113.120246887207,def
E,2017-03-01,108223,117.848495483398,109.429985046387,107.693054199219,def
E,2017-04-01,108223,111.97053527832,109.362739562988,102.384536743164,def
E,2017-05-01,108223,117.073928833008,110.188148498535,106.24910736084,def
E,2017-06-01,108223,129.344116210938,108.264366149902,119.470626831055,def
E,2017-07-01,108223,123.376937866211,107.370498657227,114.907669067383,def
E,2017-08-01,108223,128.750152587891,106.378921508789,121.029762268066,def
E,2017-09-01,108223,150.58659362793,105.739151000977,142.413269042969,def
E,2017-10-01,108223,148.548645019531,106.823516845703,139.059860229492,def
E,2017-11-01,108223,148.313781738281,108.602073669434,136.566253662109,def
E,2017-12-01,108223,123.680168151855,106.122169494629,116.545082092285,def
E,2018-01-01,108223,141.195953369141,105.180648803711,134.24137878418,def
E,2018-02-01,108223,132.63444519043,105.100128173828,126.198173522949,def
E,2018-03-01,108223,125.389686584473,101.104499816895,124.019882202148,def
E,2018-04-01,108223,116.409896850586,102.322074890137,113.768119812012,def
E,2018-05-01,108223,141.668640136719,99.4699401855469,142.423568725586,def
E,2018-06-01,108223,135.378326416016,101.458557128906,133.432144165039,def
E,2018-07-01,108223,124.839195251465,99.6730194091797,125.248741149902,def
E,2018-08-01,108223,120.66724395752,99.4686737060547,121.311813354492,def
E,2018-09-01,108223,125.753929138184,103.110229492188,121.960670471191,def
E,2018-10-01,108223,133.187957763672,101.237319946289,131.560134887695,def
E,2018-11-01,108223,150.150100708008,101.160591125488,148.427459716797,def
E,2018-12-01,108223,108.865684509277,102.48193359375,106.229148864746,def
E,2019-01-01,108223,110.249877929688,99.6520080566406,110.634872436523,def
E,2019-02-01,108223,127.164375305176,98.739372253418,128.78791809082,def
E,2019-03-01,108223,137.689117431641,98.7283401489258,139.462600708008,def
E,2019-04-01,108223,91.6206512451172,98.4516067504883,93.0616073608399,def
E,2019-05-01,108223,111.017593383789,98.8084259033203,112.356399536133,def
E,2019-06-01,108223,111.661582946777,96.8132553100586,115.33708190918,def
E,2019-07-01,108223,128.972763061523,98.879150390625,130.43473815918,def
E,2019-08-01,108223,108.264366149902,96.7891464233399,111.855888366699,def
E,2019-09-01,108223,118.723152160645,97.8228302001953,121.365478515625,def
E,2019-10-01,108223,141.451202392578,97.2894515991211,145.392135620117,def
E,2019-11-01,108223,125.237693786621,99.2746124267578,126.152793884277,def
E,2019-12-01,108223,108.044021606445,98.0687713623047,110.171691894531,def
E,2020-01-01,108223,127.860946655273,96.8283004760742,132.04914855957,def
E,2020-02-01,108223,123.258247375488,94.6214828491211,130.264541625977,def
E,2020-03-01,108223,129.383178710938,92.8300170898438,139.376449584961,def
E,2020-04-01,108223,72.1474151611328,93.6574554443359,77.0332870483399,def
E,2020-05-01,108223,107.428779602051,94.6813125610352,113.463554382324,def
E,2020-06-01,108223,118.122955322266,91.0038452148438,129.79997253418,def
E,2020-07-01,108223,86.7845458984375,97.2800598144531,89.2110290527344,def
E,2020-08-01,108223,101.714935302734,94.5024871826172,107.632019042969,def
E,2020-09-01,108223,133.945159912109,94.5555267333984,141.657669067383,def
E,2020-10-01,108223,110.845474243164,91.1547546386719,121.601425170898,def
E,2020-11-01,108223,97.7013473510742,95.6270446777344,102.169158935547,def
E,2020-12-01,108223,77.0963821411133,95.2070999145508,80.9775543212891,def
E,2021-01-01,108223,70.753303527832,93.7850189208984,75.442008972168,def
E,2021-02-01,108223,70.8722381591797,93.9445419311524,75.4405059814453,def
E,2021-03-01,108223,88.5019836425781,95.6547546386719,92.5223083496094,def
E,2021-04-01,108223,73.3208084106445,95.1798782348633,77.033935546875,def
E,2021-05-01,108223,71.1700592041016,93.333984375,76.2531051635742,def
E,2021-06-01,108223,79.1916580200195,96.0915451049805,82.412727355957,def
E,2021-07-01,108223,101.497711181641,97.4953002929688,104.10523223877,def
E,2021-08-01,108223,104.311454772949,97.3987884521484,107.097282409668,def
E,2021-09-01,108223,116.860054016113,95.839599609375,121.932952880859,def
E,2021-10-01,108223,122.618476867676,96.0408172607422,127.673294067383,def
E,2021-11-01,108223,125.088180541992,95.8667984008789,130.481231689453,def
E,2021-12-01,108223,127.388961791992,94.55029296875,134.731430053711,def
E,2022-01-01,108223,114.760749816895,93.5261154174805,122.704490661621,def
E,2022-02-01,108223,116.550605773926,94.209098815918,123.714805603027,def
E,2022-03-01,108223,153.140899658203,92.7377624511719,165.133285522461,def
E,2022-04-01,108223,108.28630065918,94.0758666992187,115.105285644531,def
E,2022-05-01,108223,119.391754150391,95.458381652832,125.072052001953,def
E,2022-06-01,108223,127.593475341797,98.8242797851563,129.111465454102,def
E,2022-07-01,108223,121.69832611084,97.2906951904297,125.087326049805,def
E,2022-08-01,108223,112.568321228027,98.2566070556641,114.565650939941,def
E,2022-09-01,108223,151.180099487305,99.2566375732422,152.31233215332,def
E,2022-10-01,108223,147.010665893555,101.193649291992,145.276565551758,def
E,2022-11-01,108223,159.839721679688,97.0549468994141,164.689926147461,def
E,2022-12-01,108223,132.784515380859,101.034065246582,131.425491333008,def
E,2023-01-01,108223,134.134323120117,105.198448181152,127.505989074707,def
E,2023-02-01,108223,141.091644287109,103.511245727539,136.305633544922,def
E,2023-03-01,108223,174.558410644531,102.175254821777,170.842163085938,def
E,2023-04-01,108223,120.871398925781,104.370193481445,115.810272216797,def
E,2023-05-01,108223,150.924575805664,103.339469909668,146.04736328125,def
E,2023-06-01,108223,166.967102050781,104.670707702637,159.516555786133,def
E,2023-07-01,108223,137.882095336914,104.089653015137,132.464752197266,def
E,2023-08-01,108223,143.015335083008,103.20223236084,138.577758789063,def
E,2023-09-01,108223,159.321929931641,107.73755645752,147.879669189453,def
E,2023-10-01,108223,195.117706298828,109.118370056152,178.812896728516,def
E,2023-11-01,108223,163.392776489258,111.137168884277,147.019027709961,def
E,2023-12-01,108223,163.232452392578,112.682434082031,144.860595703125,def
E,2024-01-01,108223,158.741620500581,113.837426481599,139.445892076193,def
E,2024-02-01,108223,176.398695931607,108.684826193831,162.302959719885,def
E,2024-03-01,108223,169.878840847826,111.675635169857,152.118082487678,def
E,2024-04-01,108223,170.731893979588,112.692682590052,151.502195177062,def
E,2024-05-01,108223,160.506086981914,111.60838815846,143.811844200054,def
E,2024-06-01,108223,174.776506020935,109.356704454806,159.822391043304,def
E,2024-07-01,108223,184.477897820435,108.13989550647,170.591889716057,def
E,2024-08-01,108223,109.547815111569,105.625685983186,103.713230554536,def
E,2024-09-01,108223,161.666962014908,105.481294323446,153.265995948769,def
E,2024-10-01,108223,155.106356745987,107.433018119765,144.374936088267,def
E,2024-11-01,108223,162.564926701032,114.162625883162,142.397671463121,def
E,2024-12-01,108223,135.830839392464,114.746324366608,118.374889415934,def
E,2025-01-01,108223,138.013436211269,115.6546048199,119.332413555155,def
E,2025-02-01,108223,140.616037361634,116.921789715807,120.265035900632,def
E,2025-03-01,108223,168.983705525323,123.553688268153,136.76944970578,def
E,2025-04-01,108223,198.555166861089,131.693657215984,150.770480538397,def
E,2025-05-01,108223,175.491894077289,129.233203137158,135.79473664409,def
E,2025-06-01,108223,170.391929405271,133.365695436472,127.762932445207,def
E,2025-07-01,108223,198.889022582134,127.835740483508,155.581697872668,def
E,2025-08-01,108223,157.333901864137,128.355714681158,122.576463913683,def
E,2025-09-01,108223,135.323611659663,118.611670940945,114.089621863919,def
E,2025-10-01,108223,150.656548600863,116.173793758972,129.682037907172,def
E,2025-11-01,108223,145.126814618295,115.761267791422,125.36732902376,def
E,2025-12-01,108223,123.914579493636,118.663133765761,104.425503666523,def
E,2026-01-01,108223,109.729684400434,113.340341224956,96.8143198838445,prov
E,2026-02-01,108223,98.9582144186899,112.470106623318,87.9862337487221,prov
E,2026-03-01,108223,137.00324316359,111.975154001421,122.351462276758,prov
E,2026-04-01,108223,115.556198417116,107.032986495133,107.963159867898,prov
E,2026-05-01,108223,135.713567782117,104.924881562867,129.343546497421,prov
E,2026-06-01,108223,138.141685385017,106.768332921008,129.384506350462,prov
E,2026-07-01,108223,128.655251730756,105.677430490768,121.743352930688,prov
E,2026-08-01,108223,105.957077089025,106.240040675435,99.7336528296189,prov
I,2012-01-01,1082,100,100,100,def
I,2012-02-01,1082,100,100,100,def
I,2012-03-01,1082,100,100,100,def
I,2012-04-01,1082,100,100,100,def
I,2012-05-01,1082,100,100,100,def
I,2012-06-01,1082,100,100,100,def
I,2012-07-01,1082,100,100,100,def
I,2012-08-01,1082,100,100,100,def
I,2012-09-01,1082,100,100,100,def
I,2012-10-01,1082,100,100,100,def
I,2012-11-01,1082,100,100,100,def
I,2012-12-01,1082,100,100,100,def
I,2013-01-01,1082,109.384407043457,98.6582107543945,110.872077941895,def
I,2013-02-01,1082,100.327453613281,95.4075393676758,105.15673828125,def
I,2013-03-01,1082,90.627326965332,93.4887390136719,96.9392929077149,def
I,2013-04-01,1082,88.3744888305664,90.8320388793945,97.2944030761719,def
I,2013-05-01,1082,88.4735488891602,95.6356658935547,92.5110397338867,def
I,2013-06-01,1082,95.3229598999024,93.7715301513672,101.654472351074,def
I,2013-07-01,1082,105.455406188965,97.8746871948242,107.745330810547,def
I,2013-08-01,1082,103.095634460449,101.026641845703,102.047966003418,def
I,2013-09-01,1082,130.987640380859,109.325889587402,119.813926696777,def
I,2013-10-01,1082,143.855102539063,112.538864135742,127.827049255371,def
I,2013-11-01,1082,127.787185668945,114.788429260254,111.324096679688,def
I,2013-12-01,1082,115.380668640137,117.768379211426,97.972541809082,def
I,2014-01-01,1082,128.000015258789,119.460441589355,107.148452758789,def
I,2014-02-01,1082,122.946838378906,116.256057739258,105.755210876465,def
I,2014-03-01,1082,117.670120239258,117.595756530762,100.063232421875,def
I,2014-04-01,1082,110.658638000488,111.992012023926,98.8094024658203,def
I,2014-05-01,1082,97.8192749023438,112.37361907959,87.0482559204102,def
I,2014-06-01,1082,120.260963439941,114.498733520508,105.032569885254,def
I,2014-07-01,1082,127.038475036621,119.937286376953,105.920753479004,def
I,2014-08-01,1082,130.853973388672,128.886779785156,101.526290893555,def
I,2014-09-01,1082,167.966049194336,131.787155151367,127.452507019043,def
I,2014-10-01,1082,175.191833496094,129.823013305664,134.946670532227,def
I,2014-11-01,1082,140.049163818359,127.88631439209,109.510665893555,def
I,2014-12-01,1082,124.052772521973,126.139503479004,98.3456954956055,def
I,2015-01-01,1082,126.193771362305,124.172119140625,101.628105163574,def
I,2015-02-01,1082,117.558639526367,122.804244995117,95.7284851074219,def
I,2015-03-01,1082,109.654136657715,118.741142272949,92.3472137451172,def
I,2015-04-01,1082,103.478012084961,114.610794067383,90.2864456176758,def
I,2015-05-01,1082,100.121650695801,114.86750793457,87.162727355957,def
I,2015-06-01,1082,123.462844848633,114.443244934082,107.881286621094,def
I,2015-07-01,1082,124.192344665527,117.253479003906,105.917831420898,def
I,2015-08-01,1082,130.513931274414,125.116416931152,104.313995361328,def
I,2015-09-01,1082,153.51936340332,125.977149963379,121.862861633301,def
I,2015-10-01,1082,150.244110107422,125.32349395752,119.885025024414,def
I,2015-11-01,1082,147.478118896484,122.313354492188,120.574012756348,def
I,2015-12-01,1082,132.097305297852,122.972007751465,107.420631408691,def
I,2016-01-01,1082,123.402099609375,120.263114929199,102.610092163086,def
I,2016-02-01,1082,132.111129760742,121.676635742188,108.575592041016,def
I,2016-03-01,1082,111.050735473633,117.326652526855,94.6509017944336,def
I,2016-04-01,1082,123.483581542969,115.201431274414,107.189277648926,def
I,2016-05-01,1082,111.522445678711,114.953025817871,97.0156707763672,def
I,2016-06-01,1082,135.118225097656,112.565895080566,120.034782409668,def
I,2016-07-01,1082,117.635475158691,115.443237304688,101.898971557617,def
I,2016-08-01,1082,150.422027587891,120.699249267578,124.62548828125,def
I,2016-09-01,1082,160.614395141602,122.931579589844,130.65348815918,def
I,2016-10-01,1082,154.757568359375,123.984672546387,124.819915771484,def
I,2016-11-01,1082,156.030456542969,121.368629455566,128.559127807617,def
I,2016-12-01,1082,127.909439086914,122.427032470703,104.478103637695,def
I,2017-01-01,1082,129.145172119141,120.128791809082,107.505592346191,def
I,2017-02-01,1082,122.917938232422,120.587944030762,101.932197570801,def
I,2017-03-01,1082,128.969024658203,115.357696533203,111.799240112305,def
I,2017-04-01,1082,108.164360046387,114.740463256836,94.2687149047852,def
I,2017-05-01,1082,120.771034240723,113.048515319824,106.831153869629,def
I,2017-06-01,1082,120.095520019531,111.093788146973,108.102821350098,def
I,2017-07-01,1082,116.965354919434,112.107521057129,104.333198547363,def
I,2017-08-01,1082,142.562911987305,118.074760437012,120.739532470703,def
I,2017-09-01,1082,151.835922241211,118.860748291016,127.742698669434,def
I,2017-10-01,1082,160.525131225586,119.818580627441,133.973480224609,def
I,2017-11-01,1082,167.098281860352,119.246734619141,140.128173828125,def
I,2017-12-01,1082,120.66911315918,121.85001373291,99.0308609008789,def
I,2018-01-01,1082,136.560928344727,115.173133850098,118.570129394531,def
I,2018-02-01,1082,122.626365661621,113.957931518555,107.60669708252,def
I,2018-03-01,1082,121.364608764648,112.549156188965,107.832542419434,def
I,2018-04-01,1082,116.314514160156,112.529731750488,103.363357543945,def
I,2018-05-01,1082,117.390121459961,112.786949157715,104.08129119873,def
I,2018-06-01,1082,124.110466003418,113.101509094238,109.733695983887,def
I,2018-07-01,1082,125.531051635742,116.496070861816,107.755615234375,def
I,2018-08-01,1082,147.766815185547,118.888526916504,124.290214538574,def
I,2018-09-01,1082,142.254745483398,118.825355529785,119.717498779297,def
I,2018-10-01,1082,166.471557617188,121.687042236328,136.803024291992,def
I,2018-11-01,1082,150.5830078125,119.987838745117,125.498565673828,def
I,2018-12-01,1082,118.114448547363,118.898475646973,99.3405914306641,def
I,2019-01-01,1082,140.061828613281,114.79566192627,122.009696960449,def
I,2019-02-01,1082,133.423843383789,116.099922180176,114.921562194824,def
I,2019-03-01,1082,123.149406433105,114.607940673828,107.452766418457,def
I,2019-04-01,1082,114.751770019531,112.247627258301,102.230903625488,def
I,2019-05-01,1082,118.825248718262,112.363624572754,105.750633239746,def
I,2019-06-01,1082,120.021919250488,111.88404083252,107.273490905762,def
I,2019-07-01,1082,137.795822143555,111.539016723633,123.540466308594,def
I,2019-08-01,1082,135.16926574707,117.009803771973,115.51961517334,def
I,2019-09-01,1082,156.307769775391,116.66487121582,133.98014831543,def
I,2019-10-01,1082,165.518173217773,119.890632629395,138.057632446289,def
I,2019-11-01,1082,154.720932006836,119.524070739746,129.447509765625,def
I,2019-12-01,1082,119.322113037109,117.533432006836,101.521850585938,def
I,2020-01-01,1082,128.686279296875,113.036468505859,113.844924926758,def
I,2020-02-01,1082,131.509353637695,113.046424865723,116.332168579102,def
I,2020-03-01,1082,123.917594909668,111.095039367676,111.541969299316,def
I,2020-04-01,1082,98.9054336547852,110.141395568848,89.7985992431641,def
I,2020-05-01,1082,109.101089477539,110.247535705566,98.9601211547852,def
I,2020-06-01,1082,110.977905273438,109.339851379395,101.49813079834,def
I,2020-07-01,1082,126.735137939453,114.524047851563,110.662467956543,def
I,2020-08-01,1082,129.268432617188,118.33283996582,109.241386413574,def
I,2020-09-01,1082,160.997909545898,117.834953308105,136.630020141602,def
I,2020-10-01,1082,148.497146606445,118.320068359375,125.504615783691,def
I,2020-11-01,1082,144.482238769531,119.962913513184,120.439086914063,def
I,2020-12-01,1082,112.975769042969,118.155548095703,95.6161346435547,def
I,2021-01-01,1082,123.402412414551,114.659706115723,107.62491607666,def
I,2021-02-01,1082,133.941879272461,114.636054992676,116.840972900391,def
I,2021-03-01,1082,143.463958740234,113.097259521484,126.850067138672,def
I,2021-04-01,1082,113.147560119629,111.376976013184,101.589729309082,def
I,2021-05-01,1082,122.135231018066,111.573471069336,109.466194152832,def
I,2021-06-01,1082,137.504821777344,110.517349243164,124.419219970703,def
I,2021-07-01,1082,125.933868408203,111.633636474609,112.809959411621,def
I,2021-08-01,1082,140.247131347656,116.19815826416,120.696517944336,def
I,2021-09-01,1082,168.676742553711,114.781425476074,146.954727172852,def
I,2021-10-01,1082,165.343566894531,118.75944519043,139.225616455078,def
I,2021-11-01,1082,165.917984008789,118.005531311035,140.601867675781,def
I,2021-12-01,1082,133.277465820313,113.380378723145,117.548965454102,def
I,2022-01-01,1082,128.731018066406,107.695419311523,119.532485961914,def
I,2022-02-01,1082,139.519149780273,109.452308654785,127.470268249512,def
I,2022-03-01,1082,148.055953979492,104.48104095459,141.706039428711,def
I,2022-04-01,1082,113.985549926758,104.886917114258,108.674713134766,def
I,2022-05-01,1082,128.642791748047,103.079292297363,124.799835205078,def
I,2022-06-01,1082,128.654739379883,103.504814147949,124.298316955566,def
I,2022-07-01,1082,123.960235595703,103.084091186523,120.251564025879,def
I,2022-08-01,1082,141.368530273438,108.751937866211,129.991729736328,def
I,2022-09-01,1082,161.875015258789,105.430328369141,153.537414550781,def
I,2022-10-01,1082,155.928588867188,109.246765136719,142.730621337891,def
I,2022-11-01,1082,160.679702758789,111.58097076416,144.002792358398,def
I,2022-12-01,1082,132.238433837891,111.360359191895,118.748207092285,def
I,2023-01-01,1082,140.746459960938,112.633850097656,124.959289550781,def
I,2023-02-01,1082,137.524780273438,111.662170410156,123.161476135254,def
I,2023-03-01,1082,152.984939575195,110.038749694824,139.028244018555,def
I,2023-04-01,1082,115.904190063477,110.211540222168,105.16520690918,def
I,2023-05-01,1082,136.014434814453,110.949111938477,122.591735839844,def
I,2023-06-01,1082,131.313430786133,110.866455078125,118.442878723145,def
I,2023-07-01,1082,131.378067016602,114.291213989258,114.95027923584,def
I,2023-08-01,1082,161.544494628906,118.6689453125,136.130386352539,def
I,2023-09-01,1082,178.068267822266,118.199722290039,150.650329589844,def
I,2023-10-01,1082,189.502319335938,119.867378234863,158.093322753906,def
I,2023-11-01,1082,177.395629882813,119.691764831543,148.210388183594,def
I,2023-12-01,1082,132.395370483398,127.368576049805,103.946647644043,def
I,2024-01-01,1082,144.98684337048,126.003654681081,115.065589273704,def
I,2024-02-01,1082,158.939628918121,123.896950685903,128.283733260466,def
I,2024-03-01,1082,151.393786314591,130.687555339384,115.844075979802,def
I,2024-04-01,1082,172.776145155899,139.631775839891,123.736985620698,def
I,2024-05-01,1082,184.640397004983,141.514049460103,130.474962243018,def
I,2024-06-01,1082,193.71840343235,146.4726235964,132.255710690313,def
I,2024-07-01,1082,210.571915163649,147.195274587376,143.056169524869,def
I,2024-08-01,1082,244.048999289795,154.991367481429,157.459741566851,def
I,2024-09-01,1082,280.684300243187,162.935639182162,172.266982324983,def
I,2024-10-01,1082,284.311773979305,173.118208075926,164.22985528617,def
I,2024-11-01,1082,278.82869957615,180.629217979423,154.36523013653,def
I,2024-12-01,1082,222.900929270547,164.850381362527,135.214085757393,def
I,2025-01-01,1082,277.368581639867,182.972983344617,151.589915066754,def
I,2025-02-01,1082,264.619193035712,180.24531265174,146.810586729592,def
I,2025-03-01,1082,277.382668166619,185.226013233652,149.753628948698,def
I,2025-04-01,1082,255.826151867886,182.613615417106,140.091503603346,def
I,2025-05-01,1082,262.352555022827,202.441800876428,129.594066956142,def
I,2025-06-01,1082,287.425978284991,191.161884158347,150.357372895058,def
I,2025-07-01,1082,295.214789509001,192.850866169593,153.079322027868,def
I,2025-08-01,1082,265.168074564304,187.948962882568,141.085153402797,def
I,2025-09-01,1082,311.743588036713,185.361711002536,168.181225669489,def
I,2025-10-01,1082,329.998209317683,182.412903661667,180.907278320813,def
I,2025-11-01,1082,257.240808367064,178.2824631694,144.288345354466,def
I,2025-12-01,1082,212.505392987043,165.935140610435,128.06533844884,def
I,2026-01-01,1082,230.299968517892,175.951993243055,130.887960547514,prov
I,2026-02-01,1082,207.956767768989,161.839421050561,128.49574765064,prov
I,2026-03-01,1082,225.299684278263,157.843348673593,142.736259082568,prov
I,2026-04-01,1082,188.633142624087,159.550057522742,118.228191998536,prov
I,2026-05-01,1082,175.43851514588,154.401143255286,113.625143418494,prov
I,2026-06-01,1082,202.600663834557,159.852399253342,126.742339134061,prov
I,2026-07-01,1082,185.53182517595,154.066832864558,120.422953694858,prov
I,2026-08-01,1082,198.506140800018,162.252143791182,122.344236679197,prov
I,2012-01-01,10821,100,100,100,def
I,2012-02-01,10821,100,100,100,def
I,2012-03-01,10821,100,100,100,def
I,2012-04-01,10821,100,100,100,def
I,2012-05-01,10821,100,100,100,def
I,2012-06-01,10821,100,100,100,def
I,2012-07-01,10821,100,100,100,def
I,2012-08-01,10821,100,100,100,def
I,2012-09-01,10821,100,100,100,def
I,2012-10-01,10821,100,100,100,def
I,2012-11-01,10821,100,100,100,def
I,2012-12-01,10821,100,100,100,def
I,2013-01-01,10821,109.411491394043,85.1564636230469,128.482894897461,def
I,2013-02-01,10821,102.820938110352,84.7220077514649,121.362724304199,def
I,2013-03-01,10821,78.3810195922852,84.4883651733399,92.771369934082,def
I,2013-04-01,10821,77.8282012939453,83.4470748901367,93.2665481567383,def
I,2013-05-01,10821,84.8560409545899,86.6681289672852,97.9091720581055,def
I,2013-06-01,10821,102.986251831055,88.3706741333008,116.538940429688,def
I,2013-07-01,10821,103.325485229492,93.8850021362305,110.055374145508,def
I,2013-08-01,10821,100.40998840332,91.9162368774414,109.240753173828,def
I,2013-09-01,10821,124.634223937988,98.5099868774414,126.519386291504,def
I,2013-10-01,10821,140.36296081543,104.744178771973,134.005493164063,def
I,2013-11-01,10821,128.601028442383,115.504554748535,111.338485717773,def
I,2013-12-01,10821,111.844520568848,134.806991577148,82.9664154052735,def
I,2014-01-01,10821,136.456207275391,123.93717956543,110.101104736328,def
I,2014-02-01,10821,128.966323852539,126.536651611328,101.920127868652,def
I,2014-03-01,10821,131.044021606445,128.003234863281,102.375556945801,def
I,2014-04-01,10821,116.235618591309,129.746505737305,89.5867080688477,def
I,2014-05-01,10821,113.736183166504,128.07746887207,88.8026504516602,def
I,2014-06-01,10821,162.283508300781,138.434494018555,117.227653503418,def
I,2014-07-01,10821,158.041580200195,150.39875793457,105.081703186035,def
I,2014-08-01,10821,166.238967895508,150.285018920898,110.615798950195,def
I,2014-09-01,10821,214.749282836914,152.308212280273,140.996520996094,def
I,2014-10-01,10821,230.354461669922,152.404327392578,151.146926879883,def
I,2014-11-01,10821,182.650787353516,156.260803222656,116.888427734375,def
I,2014-12-01,10821,125.861694335938,154.024948120117,81.7151412963867,def
I,2015-01-01,10821,151.769546508789,152.195022583008,99.7204437255859,def
I,2015-02-01,10821,137.628143310547,148.188720703125,92.8735580444336,def
I,2015-03-01,10821,126.168357849121,145.032531738281,86.9931411743164,def
I,2015-04-01,10821,126.860206604004,147.244522094727,86.1561431884766,def
I,2015-05-01,10821,136.18293762207,148.146881103516,91.9242706298828,def
I,2015-06-01,10821,179.879043579102,148.595245361328,121.053024291992,def
I,2015-07-01,10821,174.711380004883,150.317367553711,116.228340148926,def
I,2015-08-01,10821,166.650497436523,153.2880859375,108.717193603516,def
I,2015-09-01,10821,188.442840576172,147.932998657227,127.383911132813,def
I,2015-10-01,10821,199.181045532227,146.605575561523,135.861846923828,def
I,2015-11-01,10821,192.133117675781,145.744430541992,131.82878112793,def
I,2015-12-01,10821,134.1806640625,145.640441894531,92.131462097168,def
I,2016-01-01,10821,152.894577026367,144.448318481445,105.847244262695,def
I,2016-02-01,10821,155.928192138672,143.160385131836,108.918533325195,def
I,2016-03-01,10821,122.506256103516,141.529296875,86.5589370727539,def
I,2016-04-01,10821,160.624557495117,140.815200805664,114.06763458252,def
I,2016-05-01,10821,139.828704833984,140.661758422852,99.4077529907227,def
I,2016-06-01,10821,187.550308227539,135.339706420898,138.577453613281,def
I,2016-07-01,10821,154.36946105957,136.184631347656,113.353073120117,def
I,2016-08-01,10821,186.840194702148,136.2265625,137.154006958008,def
I,2016-09-01,10821,193.626159667969,137.825592041016,140.486358642578,def
I,2016-10-01,10821,197.775512695313,140.649383544922,140.615982055664,def
I,2016-11-01,10821,204.718109130859,142.077621459961,144.088928222656,def
I,2016-12-01,10821,139.637908935547,143.275619506836,97.4610366821289,def
I,2017-01-01,10821,177.309494018555,142.850631713867,124.122299194336,def
I,2017-02-01,10821,144.57585144043,141.661117553711,102.057540893555,def
I,2017-03-01,10821,159.94694519043,137.677474975586,116.175102233887,def
I,2017-04-01,10821,134.300064086914,136.292358398438,98.538215637207,def
I,2017-05-01,10821,166.483871459961,135.632904052734,122.745933532715,def
I,2017-06-01,10821,167.562393188477,128.792358398438,130.102737426758,def
I,2017-07-01,10821,147.163101196289,122.746650695801,119.891746520996,def
I,2017-08-01,10821,190.012435913086,124.525917053223,152.588668823242,def
I,2017-09-01,10821,171.843017578125,123.697647094727,138.921813964844,def
I,2017-10-01,10821,186.91911315918,127.429443359375,146.684387207031,def
I,2017-11-01,10821,209.10009765625,130.659759521484,160.034042358398,def
I,2017-12-01,10821,116.692573547363,131.605346679688,88.668571472168,def
I,2018-01-01,10821,162.497177124023,123.31086730957,131.778457641602,def
I,2018-02-01,10821,128.92822265625,120.862632751465,106.673355102539,def
I,2018-03-01,10821,137.044708251953,123.192665100098,111.244216918945,def
I,2018-04-01,10821,147.186141967773,127.049209594727,115.849716186523,def
I,2018-05-01,10821,160.784027099609,127.813262939453,125.796051025391,def
I,2018-06-01,10821,156.426666259766,127.713729858398,122.482261657715,def
I,2018-07-01,10821,161.98747253418,130.88557434082,123.762664794922,def
I,2018-08-01,10821,174.72395324707,126.464416503906,138.160568237305,def
I,2018-09-01,10821,170.900207519531,126.146156311035,135.477935791016,def
I,2018-10-01,10821,197.372543334961,131.425384521484,150.178405761719,def
I,2018-11-01,10821,189.911743164063,130.73388671875,145.265884399414,def
I,2018-12-01,10821,117.346008300781,128.945297241211,91.0044860839844,def
I,2019-01-01,10821,173.620620727539,127.636253356934,136.02766418457,def
I,2019-02-01,10821,161.248901367188,126.938430786133,127.02921295166,def
I,2019-03-01,10821,155.424377441406,127.946464538574,121.476097106934,def
I,2019-04-01,10821,124.665397644043,125.795570373535,99.1015777587891,def
I,2019-05-01,10821,160.981414794922,124.326530456543,129.48274230957,def
I,2019-06-01,10821,170.85090637207,127.681159973145,133.810577392578,def
I,2019-07-01,10821,175.530395507813,122.698356628418,143.058471679688,def
I,2019-08-01,10821,174.509872436523,125.987442016602,138.513702392578,def
I,2019-09-01,10821,189.102767944336,125.596435546875,150.56379699707,def
I,2019-10-01,10821,181.523681640625,129.466369628906,140.209136962891,def
I,2019-11-01,10821,186.328475952148,127.733535766602,145.872787475586,def
I,2019-12-01,10821,119.341186523438,124.347686767578,95.9737930297852,def
I,2020-01-01,10821,164.416458129883,124.070625305176,132.518447875977,def
I,2020-02-01,10821,153.316802978516,124.074554443359,123.568290710449,def
I,2020-03-01,10821,157.8603515625,123.915046691895,127.394004821777,def
I,2020-04-01,10821,120.740531921387,124.887908935547,96.6791152954102,def
I,2020-05-01,10821,139.651260375977,122.92546081543,113.606452941895,def
I,2020-06-01,10821,121.753837585449,125.781158447266,96.7981491088867,def
I,2020-07-01,10821,145.941452026367,130.817749023438,111.560897827148,def
I,2020-08-01,10821,139.196304321289,130.337356567383,106.796943664551,def
I,2020-09-01,10821,170.308242797852,128.083511352539,132.966567993164,def
I,2020-10-01,10821,154.880905151367,128.054901123047,120.948829650879,def
I,2020-11-01,10821,145.457412719727,130.012619018555,111.879455566406,def
I,2020-12-01,10821,104.037651062012,131.668182373047,79.0150299072266,def
I,2021-01-01,10821,143.137710571289,130.208374023438,109.929725646973,def
I,2021-02-01,10821,147.155944824219,128.649307250977,114.38533782959,def
I,2021-03-01,10821,165.936904907227,128.1318359375,129.504821777344,def
I,2021-04-01,10821,121.457572937012,127.157020568848,95.5177841186523,def
I,2021-05-01,10821,141.40739440918,127.58927154541,110.83016204834,def
I,2021-06-01,10821,171.391555786133,124.98917388916,137.125122070313,def
I,2021-07-01,10821,151.248062133789,122.402420043945,123.56623840332,def
I,2021-08-01,10821,158.434371948242,121.402809143066,130.503051757813,def
I,2021-09-01,10821,180.99772644043,122.362686157227,147.919052124023,def
I,2021-10-01,10821,174.726959228516,126.666687011719,137.942306518555,def
I,2021-11-01,10821,179.042999267578,125.398559570313,142.779144287109,def
I,2021-12-01,10821,119.612976074219,123.219100952148,97.0734100341797,def
I,2022-01-01,10821,163.791320800781,113.36946105957,144.475708007813,def
I,2022-02-01,10821,137.636291503906,110.635833740234,124.404800415039,def
I,2022-03-01,10821,152.60124206543,111.262260437012,137.154541015625,def
I,2022-04-01,10821,115.15885925293,113.286834716797,101.652465820313,def
I,2022-05-01,10821,140.958389282227,110.336204528809,127.753524780273,def
I,2022-06-01,10821,148.650848388672,108.189712524414,137.398315429688,def
I,2022-07-01,10821,134.969680786133,104.9052734375,128.658615112305,def
I,2022-08-01,10821,155.905517578125,104.655296325684,148.970504760742,def
I,2022-09-01,10821,135.546432495117,104.012084960938,130.317962646484,def
I,2022-10-01,10821,141.373306274414,102.928733825684,137.350677490234,def
I,2022-11-01,10821,160.821319580078,105.401359558105,152.579940795898,def
I,2022-12-01,10821,109.391044616699,108.101257324219,101.19312286377,def
I,2023-01-01,10821,151.653564453125,107.096580505371,141.604476928711,def
I,2023-02-01,10821,131.469696044922,106.49732208252,123.448822021484,def
I,2023-03-01,10821,145.475540161133,107.797607421875,134.95246887207,def
I,2023-04-01,10821,120.929008483887,111.45923614502,108.49617767334,def
I,2023-05-01,10821,146.698654174805,111.985527038574,130.99787902832,def
I,2023-06-01,10821,144.014053344727,111.549514770508,129.103256225586,def
I,2023-07-01,10821,148.096389770508,117.483909606934,126.056747436523,def
I,2023-08-01,10821,178.8564453125,119.845642089844,149.238998413086,def
I,2023-09-01,10821,177.048461914063,120.06965637207,147.454788208008,def
I,2023-10-01,10821,183.78141784668,117.415618896484,156.522125244141,def
I,2023-11-01,10821,184.86442565918,118.177459716797,156.429504394531,def
I,2023-12-01,10821,114.419586181641,135.294937133789,84.5704879760742,def
I,2024-01-01,10821,175.711551325639,126.945748341183,138.414681146433,def
I,2024-02-01,10821,184.224206753815,135.916614805901,135.542081119272,def
I,2024-03-01,10821,191.664876777321,155.106929703037,123.569513462411,def
I,2024-04-01,10821,259.372463551549,197.169278583337,131.548113166867,def
I,2024-05-01,10821,298.863858127286,200.175519319359,149.300904348032,def
I,2024-06-01,10821,320.038924038224,201.595295274725,158.753172428502,def
I,2024-07-01,10821,336.526521884061,196.583379631139,171.187678902675,def
I,2024-08-01,10821,407.194560206155,220.693202065061,184.50707126545,def
I,2024-09-01,10821,480.680895565016,251.337295472229,191.249332369317,def
I,2024-10-01,10821,478.804143078019,308.628395437576,155.139369598246,def
I,2024-11-01,10821,490.608163002879,340.076142674415,144.264211905137,def
I,2024-12-01,10821,336.742364369656,302.791801422177,111.212511568921,def
I,2025-01-01,10821,546.98293868775,295.612462067883,185.033790333729,def
I,2025-02-01,10821,482.680256750074,300.901407074807,160.411433592106,def
I,2025-03-01,10821,526.812532753822,384.12020390474,137.147833361835,def
I,2025-04-01,10821,480.108992510023,327.882466553289,146.427163847118,def
I,2025-05-01,10821,521.680827519152,405.01871939421,128.804128525986,def
I,2025-06-01,10821,562.768019728399,400.241065819804,140.607267093656,def
I,2025-07-01,10821,573.303282113973,395.941206332706,144.79505485663,def
I,2025-08-01,10821,480.440510592372,477.877699138788,100.536291079686,def
I,2025-09-01,10821,528.342284384851,390.718336321405,135.223315541972,def
I,2025-10-01,10821,555.577062378672,376.163764239403,147.695530469086,def
I,2025-11-01,10821,421.478495142242,400.869504535695,105.141073067139,def
I,2025-12-01,10821,306.144141830892,330.581732719178,92.6077015428248,def
I,2026-01-01,10821,374.34861239185,345.917619209105,108.21900786061,prov
I,2026-02-01,10821,281.301067669068,294.504042648783,95.5168789847544,prov
I,2026-03-01,10821,313.304539937325,256.323004073981,122.23036464865,prov
I,2026-04-01,10821,269.817301698124,316.167394656098,85.3400156105698,prov
I,2026-05-01,10821,254.060705157236,230.036862078362,110.443476313728,prov
I,2026-06-01,10821,316.026413268375,249.095925750515,126.869363663675,prov
I,2026-07-01,10821,254.723369597052,233.641090399833,109.023361983034,prov
I,2026-08-01,10821,260.116146726346,270.877394041025,96.0272634868624,prov
I,2012-01-01,108221,100,100,100,def
I,2012-02-01,108221,100,100,100,def
I,2012-03-01,108221,100,100,100,def
I,2012-04-01,108221,100,100,100,def
I,2012-05-01,108221,100,100,100,def
I,2012-06-01,108221,100,100,100,def
I,2012-07-01,108221,100,100,100,def
I,2012-08-01,108221,100,100,100,def
I,2012-09-01,108221,100,100,100,def
I,2012-10-01,108221,100,100,100,def
I,2012-11-01,108221,100,100,100,def
I,2012-12-01,108221,100,100,100,def
I,2013-01-01,108221,107.315986633301,98.4755096435547,108.977333068848,def
I,2013-02-01,108221,94.2060241699219,108.907295227051,86.5011138916016,def
I,2013-03-01,108221,96.3462142944336,101.230613708496,95.1749801635742,def
I,2013-04-01,108221,81.9225387573242,104.748794555664,78.2085723876953,def
I,2013-05-01,108221,103.366775512695,111.666519165039,92.5673828125,def
I,2013-06-01,108221,87.9139251708985,97.5402908325195,90.1308822631836,def
I,2013-07-01,108221,102.375785827637,104.662933349609,97.8147430419922,def
I,2013-08-01,108221,81.1133041381836,109.99836730957,73.7404632568359,def
I,2013-09-01,108221,114.480484008789,100.958778381348,113.393295288086,def
I,2013-10-01,108221,106.604301452637,111.048492431641,95.9979705810547,def
I,2013-11-01,108221,100.465888977051,110.359260559082,91.0353088378906,def
I,2013-12-01,108221,124.715133666992,106.043174743652,117.607887268066,def
I,2014-01-01,108221,129.566604614258,117.396667480469,110.366508483887,def
I,2014-02-01,108221,109.442855834961,119.081108093262,91.9061431884766,def
I,2014-03-01,108221,84.7038803100586,109.281219482422,77.510009765625,def
I,2014-04-01,108221,109.052574157715,112.898284912109,96.5936508178711,def
I,2014-05-01,108221,60.7385673522949,107.028800964355,56.7497406005859,def
I,2014-06-01,108221,104.703437805176,110.57430267334,94.6905746459961,def
I,2014-07-01,108221,94.2509841918945,105.91007232666,88.9915237426758,def
I,2014-08-01,108221,85.7794494628906,106.29662322998,80.6981811523438,def
I,2014-09-01,108221,139.798049926758,110.07886505127,126.998077392578,def
I,2014-10-01,108221,147.384826660156,106.014305114746,139.023513793945,def
I,2014-11-01,108221,135.149154663086,100.182411193848,134.903076171875,def
I,2014-12-01,108221,119.028861999512,104.113494873047,114.326065063477,def
I,2015-01-01,108221,114.905860900879,99.7874221801758,115.15064239502,def
I,2015-02-01,108221,96.9162292480469,101.992828369141,95.0225982666016,def
I,2015-03-01,108221,104.050155639648,97.4622497558594,106.75944519043,def
I,2015-04-01,108221,103.960586547852,101.171684265137,102.75659942627,def
I,2015-05-01,108221,67.3881149291992,96.1355285644531,70.0969924926758,def
I,2015-06-01,108221,91.2966918945312,96.7829818725586,94.3313446044922,def
I,2015-07-01,108221,106.892761230469,101.030090332031,105.802894592285,def
I,2015-08-01,108221,97.7952880859375,93.4179077148437,104.685806274414,def
I,2015-09-01,108221,136.150604248047,100.194618225098,135.886154174805,def
I,2015-10-01,108221,102.456672668457,98.2902908325195,104.23885345459,def
I,2015-11-01,108221,129.211776733398,93.4065856933594,138.332611083984,def
I,2015-12-01,108221,123.765663146973,100.745910644531,122.849311828613,def
I,2016-01-01,108221,87.3782806396484,93.7570190429688,93.1965255737305,def
I,2016-02-01,108221,134.263916015625,99.393783569336,135.082794189453,def
I,2016-03-01,108221,111.74577331543,96.293342590332,116.047248840332,def
I,2016-04-01,108221,120.023422241211,99.966667175293,120.063446044922,def
I,2016-05-01,108221,103.381164550781,95.6517333984375,108.080810546875,def
I,2016-06-01,108221,109.394325256348,99.9810180664063,109.415092468262,def
I,2016-07-01,108221,72.4502487182617,94.5903091430664,76.5937347412109,def
I,2016-08-01,108221,109.86311340332,99.7118759155273,110.180572509766,def
I,2016-09-01,108221,105.267990112305,99.394416809082,105.909362792969,def
I,2016-10-01,108221,106.782844543457,98.235466003418,108.700904846191,def
I,2016-11-01,108221,143.572525024414,96.3636779785156,148.990280151367,def
I,2016-12-01,108221,111.59553527832,102.134521484375,109.263290405273,def
I,2017-01-01,108221,115.290786743164,98.6262588500977,116.896636962891,def
I,2017-02-01,108221,79.5895309448242,101.33358001709,78.542106628418,def
I,2017-03-01,108221,96.5014419555664,97.3978576660156,99.0796356201172,def
I,2017-04-01,108221,93.5678482055664,95.4054794311523,98.0738677978516,def
I,2017-05-01,108221,86.2374114990234,96.1652450561524,89.6762771606445,def
I,2017-06-01,108221,88.6149139404297,96.8514251708984,91.4957275390625,def
I,2017-07-01,108221,77.3293151855469,97.2137985229492,79.5456161499024,def
I,2017-08-01,108221,87.1418075561524,102.575836181641,84.9535446166992,def
I,2017-09-01,108221,101.014495849609,102.137367248535,98.9006271362305,def
I,2017-10-01,108221,108.018043518066,99.9454345703125,108.077018737793,def
I,2017-11-01,108221,115.598991394043,100.822257995605,114.656219482422,def
I,2017-12-01,108221,92.7082977294922,101.43049621582,91.4008102416992,def
I,2018-01-01,108221,94.1792602539063,100.452507019043,93.755012512207,def
I,2018-02-01,108221,83.1214599609375,92.3603515625,89.9969024658203,def
I,2018-03-01,108221,95.9584274291992,95.2256240844727,100.769546508789,def
I,2018-04-01,108221,85.6984405517578,94.5646820068359,90.624153137207,def
I,2018-05-01,108221,89.100471496582,99.3689041137695,89.6663513183594,def
I,2018-06-01,108221,97.5182495117188,96.7145004272461,100.8310546875,def
I,2018-07-01,108221,76.890022277832,93.8684539794922,81.9125289916992,def
I,2018-08-01,108221,90.1850814819336,97.1439971923828,92.8364944458008,def
I,2018-09-01,108221,84.6218032836914,97.1909790039063,87.0675506591797,def
I,2018-10-01,108221,110.385437011719,100.440299987793,109.90153503418,def
I,2018-11-01,108221,133.726486206055,99.8353042602539,133.947082519531,def
I,2018-12-01,108221,103.174194335938,101.708633422852,101.440940856934,def
I,2019-01-01,108221,109.195793151855,102.130790710449,106.917602539063,def
I,2019-02-01,108221,89.5058670043945,100.390785217285,89.1574478149414,def
I,2019-03-01,108221,96.4103317260742,96.7413635253906,99.6578140258789,def
I,2019-04-01,108221,101.206840515137,95.7583541870117,105.689826965332,def
I,2019-05-01,108221,81.4129486083984,95.8013076782227,84.9810333251953,def
I,2019-06-01,108221,87.1942672729492,95.2284622192383,91.5632400512695,def
I,2019-07-01,108221,96.6911773681641,96.3353118896485,100.369400024414,def
I,2019-08-01,108221,98.1620178222656,97.1535339355469,101.038032531738,def
I,2019-09-01,108221,109.433456420898,99.0831451416016,110.446083068848,def
I,2019-10-01,108221,117.530303955078,100.03978729248,117.483558654785,def
I,2019-11-01,108221,104.709510803223,97.5483627319336,107.341125488281,def
I,2019-12-01,108221,116.374557495117,99.2853546142578,117.212211608887,def
I,2020-01-01,108221,93.6810913085938,100.255302429199,93.4425201416016,def
I,2020-02-01,108221,70.6446762084961,97.5402221679688,72.4261932373047,def
I,2020-03-01,108221,106.999336242676,103.301368713379,103.579788208008,def
I,2020-04-01,108221,70.4755249023438,99.7247085571289,70.6700744628906,def
I,2020-05-01,108221,67.6628952026367,98.0397644042969,69.0157699584961,def
I,2020-06-01,108221,106.794982910156,101.726509094238,104.982444763184,def
I,2020-07-01,108221,87.3897018432617,98.9849166870117,88.2858810424805,def
I,2020-08-01,108221,103.036682128906,103.752616882324,99.3099594116211,def
I,2020-09-01,108221,124.280723571777,101.555114746094,122.37760925293,def
I,2020-10-01,108221,103.682594299316,98.973258972168,104.758186340332,def
I,2020-11-01,108221,130.099990844727,97.0877227783203,134.002517700195,def
I,2020-12-01,108221,95.2171173095703,97.281982421875,97.87744140625,def
I,2021-01-01,108221,84.6679534912109,100.849174499512,83.9550323486328,def
I,2021-02-01,108221,84.9753265380859,97.4855575561524,87.1670913696289,def
I,2021-03-01,108221,114.859703063965,91.1399993896484,126.025573730469,def
I,2021-04-01,108221,109.64234161377,95.2981567382812,115.051895141602,def
I,2021-05-01,108221,127.556549072266,101.285461425781,125.937675476074,def
I,2021-06-01,108221,126.21369934082,99.298095703125,127.105857849121,def
I,2021-07-01,108221,136.015594482422,98.5753784179688,137.981307983398,def
I,2021-08-01,108221,89.1870727539063,99.2592468261719,89.852653503418,def
I,2021-09-01,108221,159.285522460938,95.0173034667969,167.638427734375,def
I,2021-10-01,108221,177.164276123047,100.115982055664,176.959045410156,def
I,2021-11-01,108221,214.208267211914,99.6640472412109,214.93034362793,def
I,2021-12-01,108221,152.059173583984,97.4078674316406,156.10563659668,def
I,2022-01-01,108221,157.357421875,82.7791595458984,190.093032836914,def
I,2022-02-01,108221,143.618667602539,84.1347122192383,170.70085144043,def
I,2022-03-01,108221,165.18115234375,85.1893768310547,193.898773193359,def
I,2022-04-01,108221,174.796173095703,80.2233276367188,217.886978149414,def
I,2022-05-01,108221,174.573974609375,86.2831573486328,202.32682800293,def
I,2022-06-01,108221,221.232635498047,85.2656936645508,259.462646484375,def
I,2022-07-01,108221,133.277313232422,92.2700805664063,144.442626953125,def
I,2022-08-01,108221,95.3313140869141,95.7191314697266,99.594841003418,def
I,2022-09-01,108221,144.530197143555,91.4966430664063,157.962310791016,def
I,2022-10-01,108221,127.769470214844,91.0069808959961,140.395248413086,def
I,2022-11-01,108221,202.56510925293,88.5864944458008,228.663650512695,def
I,2022-12-01,108221,158.983016967773,108.409683227539,146.650207519531,def
I,2023-01-01,108221,182.39924621582,104.417259216309,174.683044433594,def
I,2023-02-01,108221,211.920700073242,103.025260925293,205.697799682617,def
I,2023-03-01,108221,176.21337890625,100.187477111816,175.883636474609,def
I,2023-04-01,108221,130.932525634766,100.867706298828,129.806198120117,def
I,2023-05-01,108221,216.955123901367,100.999565124512,214.807968139648,def
I,2023-06-01,108221,95.6561737060547,98.0157699584961,97.5926361083985,def
I,2023-07-01,108221,108.489334106445,91.0612182617188,119.138900756836,def
I,2023-08-01,108221,150.183532714844,92.4155349731445,162.508972167969,def
I,2023-09-01,108221,150.338165283203,97.3836441040039,154.377227783203,def
I,2023-10-01,108221,141.227844238281,99.4026641845703,142.076522827148,def
I,2023-11-01,108221,147.646759033203,99.6343154907227,148.188659667969,def
I,2023-12-01,108221,114.125175476074,119.922065734863,95.1661148071289,def
I,2024-01-01,108221,92.8149960778797,110.770932504357,83.790027041781,def
I,2024-02-01,108221,124.313434628622,114.965376810209,108.131191926059,def
I,2024-03-01,108221,119.326123373229,115.095947739328,103.675345162946,def
I,2024-04-01,108221,114.840076926436,127.434236093365,90.1171288399459,def
I,2024-05-01,108221,98.8130446561699,127.402331898428,77.5598384195972,def
I,2024-06-01,108221,141.52903784515,130.938879254434,108.08786201605,def
I,2024-07-01,108221,188.056023425675,145.776752067101,129.002750545949,def
I,2024-08-01,108221,184.930314983431,158.214912731936,116.885512400509,def
I,2024-09-01,108221,133.011699427902,143.601997132277,92.6252416651916,def
I,2024-10-01,108221,112.449017619912,143.453381057418,78.3871489377658,def
I,2024-11-01,108221,108.456860941822,143.805505851643,75.4191282328344,def
I,2024-12-01,108221,154.744871439176,142.686839704203,108.450694398685,def
I,2025-01-01,108221,108.008886744102,173.75608601331,62.1612095168366,def
I,2025-02-01,108221,192.717762355217,168.306432012832,114.504096105283,def
I,2025-03-01,108221,141.923245622963,172.25864209438,82.3896213151366,def
I,2025-04-01,108221,139.556333624494,170.732481049113,81.7397662667858,def
I,2025-05-01,108221,99.9016957070288,170.558850148729,58.5731515580156,def
I,2025-06-01,108221,145.42853071548,180.940046207764,80.3738757546988,def
I,2025-07-01,108221,105.258591623154,170.175451085905,61.8529811057138,def
I,2025-08-01,108221,159.011926781879,181.596497476853,87.5633208487261,def
I,2025-09-01,108221,182.845081928191,173.775442884214,105.219169861232,def
I,2025-10-01,108221,131.868687195854,157.30791848689,83.8283831723649,def
I,2025-11-01,108221,164.254866436343,161.112065833908,101.950690309603,def
I,2025-12-01,108221,125.782851852318,148.106670437371,84.9272008284729,def
I,2026-01-01,108221,137.279944293169,155.122155981026,88.497958782951,prov
I,2026-02-01,108221,158.053290547299,152.61737752808,103.561789672615,prov
I,2026-03-01,108221,170.27135261438,147.065582478756,115.779196248795,prov
I,2026-04-01,108221,196.724431208591,161.966626559822,121.459853562675,prov
I,2026-05-01,108221,168.055272077066,144.124327598514,116.604373222681,prov
I,2026-06-01,108221,149.765529984964,149.231951363274,100.357547929767,prov
I,2026-07-01,108221,110.517708784493,141.667215791305,78.0121964351485,prov
I,2026-08-01,108221,162.440368716741,134.766022720616,120.535103971753,prov
I,2012-01-01,108222,100,100,100,def
I,2012-02-01,108222,100,100,100,def
I,2012-03-01,108222,100,100,100,def
I,2012-04-01,108222,100,100,100,def
I,2012-05-01,108222,100,100,100,def
I,2012-06-01,108222,100,100,100,def
I,2012-07-01,108222,100,100,100,def
I,2012-08-01,108222,100,100,100,def
I,2012-09-01,108222,100,100,100,def
I,2012-10-01,108222,100,100,100,def
I,2012-11-01,108222,100,100,100,def
I,2012-12-01,108222,100,100,100,def
I,2013-01-01,108222,112.608283996582,107.705131530762,104.552383422852,def
I,2013-02-01,108222,97.9481735229492,100.540390014648,97.4217224121094,def
I,2013-03-01,108222,93.4809417724609,96.5933074951172,96.7778701782227,def
I,2013-04-01,108222,91.2315139770508,91.4836120605469,99.7244338989258,def
I,2013-05-01,108222,81.0570907592773,97.318229675293,83.2907638549805,def
I,2013-06-01,108222,83.8123550415039,93.1043014526367,90.0198516845703,def
I,2013-07-01,108222,98.3021240234375,96.819206237793,101.531639099121,def
I,2013-08-01,108222,104.292266845703,107.74967956543,96.791259765625,def
I,2013-09-01,108222,139.901733398438,118.623931884766,117.937187194824,def
I,2013-10-01,108222,157.321243286133,119.63175201416,131.504592895508,def
I,2013-11-01,108222,137.318801879883,115.630844116211,118.756202697754,def
I,2013-12-01,108222,126.263526916504,110.915306091309,113.837783813477,def
I,2014-01-01,108222,127.978813171387,121.993804931641,104.905990600586,def
I,2014-02-01,108222,127.759727478027,114.283432006836,111.7919921875,def
I,2014-03-01,108222,109.312286376953,114.488426208496,95.4788970947266,def
I,2014-04-01,108222,105.920066833496,102.10230255127,103.739158630371,def
I,2014-05-01,108222,83.9162139892578,102.818840026855,81.6156005859375,def
I,2014-06-01,108222,90.8185348510742,100.924301147461,89.9867858886719,def
I,2014-07-01,108222,107.446769714355,106.463600158691,100.923477172852,def
I,2014-08-01,108222,123.351608276367,122.227279663086,100.919868469238,def
I,2014-09-01,108222,156.892364501953,127.075469970703,123.463928222656,def
I,2014-10-01,108222,157.16650390625,122.539535522461,128.257797241211,def
I,2014-11-01,108222,124.460838317871,116.920204162598,106.44938659668,def
I,2014-12-01,108222,139.733032226563,118.149528503418,118.267959594727,def
I,2015-01-01,108222,120.994148254395,115.575004577637,104.688850402832,def
I,2015-02-01,108222,115.330696105957,116.5625,98.943229675293,def
I,2015-03-01,108222,103.175727844238,111.056755065918,92.9036026000977,def
I,2015-04-01,108222,88.3294830322266,102.001281738281,86.5964431762695,def
I,2015-05-01,108222,82.2348175048828,100.528305053711,81.8026504516602,def
I,2015-06-01,108222,89.8158264160156,98.9016952514648,90.813232421875,def
I,2015-07-01,108222,97.418342590332,103.169105529785,94.4258880615234,def
I,2015-08-01,108222,119.904846191406,118.315315246582,101.343467712402,def
I,2015-09-01,108222,144.631332397461,123.02392578125,117.563583374023,def
I,2015-10-01,108222,135.477798461914,122.726272583008,110.390213012695,def
I,2015-11-01,108222,136.07453918457,115.64574432373,117.664970397949,def
I,2015-12-01,108222,149.822418212891,117.345085144043,127.676773071289,def
I,2016-01-01,108222,118.019660949707,113.109855651855,104.340744018555,def
I,2016-02-01,108222,124.413436889648,116.339385986328,106.940086364746,def
I,2016-03-01,108222,106.05574798584,108.572212219238,97.6822204589844,def
I,2016-04-01,108222,99.7063522338867,103.13166809082,96.6786880493164,def
I,2016-05-01,108222,97.8902969360352,103.379402160645,94.6903381347656,def
I,2016-06-01,108222,107.457107543945,102.396255493164,104.942420959473,def
I,2016-07-01,108222,98.4761962890625,108.578079223633,90.6962051391602,def
I,2016-08-01,108222,144.284103393555,119.216125488281,121.027336120605,def
I,2016-09-01,108222,158.323333740234,123.743453979492,127.944808959961,def
I,2016-10-01,108222,146.882385253906,123.610717773438,118.82657623291,def
I,2016-11-01,108222,146.460632324219,117.336982727051,124.820518493652,def
I,2016-12-01,108222,136.902206420898,118.496307373047,115.53288269043,def
I,2017-01-01,108222,110.118843078613,113.520599365234,97.0034027099609,def
I,2017-02-01,108222,124.342330932617,115.540328979492,107.618118286133,def
I,2017-03-01,108222,113.00887298584,106.917610168457,105.697158813477,def
I,2017-04-01,108222,96.0365447998047,106.630470275879,90.064826965332,def
I,2017-05-01,108222,93.0818862915039,103.517250061035,89.9192047119141,def
I,2017-06-01,108222,92.8648452758789,103.89884185791,89.3800506591797,def
I,2017-07-01,108222,102.111206054688,112.291847229004,90.9337692260742,def
I,2017-08-01,108222,127.466239929199,124.594314575195,102.305023193359,def
I,2017-09-01,108222,156.086776733398,124.779922485352,125.089660644531,def
I,2017-10-01,108222,162.520568847656,124.480430603027,130.559143066406,def
I,2017-11-01,108222,156.337142944336,121.131973266602,129.0634765625,def
I,2017-12-01,108222,137.801193237305,123.704666137695,111.395309448242,def
I,2018-01-01,108222,134.188720703125,117.791572570801,113.920471191406,def
I,2018-02-01,108222,128.243515014648,116.116653442383,110.443687438965,def
I,2018-03-01,108222,114.763031005859,111.141876220703,103.258140563965,def
I,2018-04-01,108222,96.0919494628906,107.724098205566,89.2019119262695,def
I,2018-05-01,108222,93.4196853637695,107.676155090332,86.7598648071289,def
I,2018-06-01,108222,108.290145874023,108.641220092773,99.6768493652344,def
I,2018-07-01,108222,110.7255859375,115.140029907227,96.1660232543945,def
I,2018-08-01,108222,145.175994873047,123.186904907227,117.85018157959,def
I,2018-09-01,108222,139.285980224609,124.918807983398,111.50121307373,def
I,2018-10-01,108222,167.679916381836,125.381629943848,133.735641479492,def
I,2018-11-01,108222,140.054489135742,122.537055969238,114.295616149902,def
I,2018-12-01,108222,133.3544921875,121.551834106445,109.709976196289,def
I,2019-01-01,108222,130.538421630859,114.353561401367,114.153343200684,def
I,2019-02-01,108222,130.691482543945,117.731880187988,111.007720947266,def
I,2019-03-01,108222,109.947860717773,112.731666564941,97.5305938720703,def
I,2019-04-01,108222,108.381828308105,109.821006774902,98.6895294189453,def
I,2019-05-01,108222,94.2701721191406,111.681205749512,84.4100570678711,def
I,2019-06-01,108222,92.0311584472656,106.711494445801,86.2429733276367,def
I,2019-07-01,108222,124.981994628906,111.789680480957,111.80101776123,def
I,2019-08-01,108222,119.943992614746,120.567100524902,99.4831848144531,def
I,2019-09-01,108222,154.30615234375,119.580368041992,129.039703369141,def
I,2019-10-01,108222,172.43505859375,123.596862792969,139.514099121094,def
I,2019-11-01,108222,152.441909790039,123.865570068359,123.070442199707,def
I,2019-12-01,108222,130.304885864258,122.846900939941,106.070960998535,def
I,2020-01-01,108222,114.910446166992,112.87491607666,101.803352355957,def
I,2020-02-01,108222,127.031234741211,114.65355682373,110.795722961426,def
I,2020-03-01,108222,108.639785766602,108.527069091797,100.103858947754,def
I,2020-04-01,108222,87.3980102539063,107.645202636719,81.190803527832,def
I,2020-05-01,108222,97.4341201782227,108.895515441895,89.4748611450195,def
I,2020-06-01,108222,101.039825439453,103.49097442627,97.6315307617188,def
I,2020-07-01,108222,123.650352478027,111.361961364746,111.034637451172,def
I,2020-08-01,108222,132.666427612305,120.748229980469,109.870292663574,def
I,2020-09-01,108222,169.714965820313,121.557250976563,139.617309570313,def
I,2020-10-01,108222,159.985290527344,121.291191101074,131.901824951172,def
I,2020-11-01,108222,160.482116699219,123.212333679199,130.248413085938,def
I,2020-12-01,108222,127.389236450195,118.622222900391,107.390701293945,def
I,2021-01-01,108222,122.418365478516,112.212730407715,109.09489440918,def
I,2021-02-01,108222,137.234146118164,113.386901855469,121.031745910645,def
I,2021-03-01,108222,133.754302978516,109.814254760742,121.800491333008,def
I,2021-04-01,108222,107.264053344727,106.496894836426,100.720352172852,def
I,2021-05-01,108222,104.827461242676,105.584739685059,99.2827758789063,def
I,2021-06-01,108222,113.810638427734,105.994606018066,107.373992919922,def
I,2021-07-01,108222,111.938270568848,109.553718566895,102.176605224609,def
I,2021-08-01,108222,142.539733886719,120.685485839844,118.108428955078,def
I,2021-09-01,108222,176.835220336914,116.971260070801,151.178359985352,def
I,2021-10-01,108222,176.003616333008,122.278923034668,143.936187744141,def
I,2021-11-01,108222,169.900543212891,121.441787719727,139.902862548828,def
I,2021-12-01,108222,156.9453125,113.73006439209,137.998092651367,def
I,2022-01-01,108222,112.0234375,110.581840515137,101.303642272949,def
I,2022-02-01,108222,147.625335693359,114.953659057617,128.421600341797,def
I,2022-03-01,108222,147.350204467773,104.302215576172,141.272354125977,def
I,2022-04-01,108222,102.633331298828,102.723854064941,99.9118728637695,def
I,2022-05-01,108222,103.971961975098,100.359703063965,103.599311828613,def
I,2022-06-01,108222,106.207702636719,105.472091674805,100.697441101074,def
I,2022-07-01,108222,107.450828552246,104.242218017578,103.078033447266,def
I,2022-08-01,108222,131.299835205078,118.14111328125,111.138145446777,def
I,2022-09-01,108222,186.360733032227,110.415161132813,168.781845092773,def
I,2022-10-01,108222,168.464706420898,121.422485351563,138.742599487305,def
I,2022-11-01,108222,161.209228515625,125.181243896484,128.780654907227,def
I,2022-12-01,108222,155.595581054688,115.483390808105,134.734161376953,def
I,2023-01-01,108222,137.809783935547,121.200119018555,113.704330444336,def
I,2023-02-01,108222,139.156967163086,117.715675354004,118.214485168457,def
I,2023-03-01,108222,153.251770019531,112.331962585449,136.42756652832,def
I,2023-04-01,108222,104.522384643555,110.520881652832,94.5725173950195,def
I,2023-05-01,108222,116.612213134766,111.309959411621,104.76350402832,def
I,2023-06-01,108222,118.55982208252,112.242301940918,105.628463745117,def
I,2023-07-01,108222,118.646018981934,115.463096618652,102.756652832031,def
I,2023-08-01,108222,155.071823120117,123.470085144043,125.59464263916,def
I,2023-09-01,108222,180.481307983398,121.300605773926,148.788467407227,def
I,2023-10-01,108222,206.071594238281,128.428771972656,160.455947875977,def
I,2023-11-01,108222,176.723373413086,127.549728393555,138.552520751953,def
I,2023-12-01,108222,151.002319335938,129.244812011719,116.834342956543,def
I,2024-01-01,108222,137.95617128845,130.860452275863,105.422356193748,def
I,2024-02-01,108222,151.295629938156,124.646922282463,121.379355441915,def
I,2024-03-01,108222,127.840794871012,126.289800420133,101.228123895732,def
I,2024-04-01,108222,124.043475907557,124.182232954038,99.8882639649984,def
I,2024-05-01,108222,123.64562678901,121.625309454087,101.661100049661,def
I,2024-06-01,108222,124.567833000898,126.379320938902,98.5666268989242,def
I,2024-07-01,108222,141.859263297524,129.22687452942,109.775358000454,def
I,2024-08-01,108222,164.17704590765,133.310715608563,123.15367608811,def
I,2024-09-01,108222,185.229923117586,138.554859939463,133.687063960308,def
I,2024-10-01,108222,199.058364946925,147.28759464541,135.149444607879,def
I,2024-11-01,108222,191.661331517731,150.330145757003,127.493611943854,def
I,2024-12-01,108222,189.959666316585,145.420012320257,130.62828452825,def
I,2025-01-01,108222,163.806837134633,142.716814504238,114.777532475833,def
I,2025-02-01,108222,176.032699326782,151.126443628802,116.480409486673,def
I,2025-03-01,108222,164.294587426585,147.983358333268,111.022340796556,def
I,2025-04-01,108222,153.900441405782,147.008628126127,104.688033817873,def
I,2025-05-01,108222,140.046868593214,157.485875497653,88.9266221429406,def
I,2025-06-01,108222,161.780480377368,148.129483328622,109.215584710954,def
I,2025-07-01,108222,173.63491336223,151.855252837991,114.342382734565,def
I,2025-08-01,108222,174.317515948086,155.782130113863,111.898275408798,def
I,2025-09-01,108222,226.936925546619,163.034333695704,139.195788863633,def
I,2025-10-01,108222,249.024438362196,161.171657990174,154.508828015778,def
I,2025-11-01,108222,196.359660987694,159.776680846583,122.896320742024,def
I,2025-12-01,108222,186.664151319302,158.855290552943,117.505782645295,def
I,2026-01-01,108222,180.315850756907,160.68035268795,112.220224078949,prov
I,2026-02-01,108222,192.690574796446,160.610584118294,119.973771970733,prov
I,2026-03-01,108222,190.837444985029,155.252069447333,122.921032104608,prov
I,2026-04-01,108222,154.223812900343,153.687312440554,100.349086320332,prov
I,2026-05-01,108222,135.607663470895,147.913744952496,91.6802318316899,prov
I,2026-06-01,108222,151.497642943337,149.134896063308,101.584302433629,prov
I,2026-07-01,108222,154.193345630536,151.305915649921,101.908339731501,prov
I,2026-08-01,108222,177.940979068442,164.151124361733,108.400707473954,prov
I,2012-01-01,108223,100,100,100,def
I,2012-02-01,108223,100,100,100,def
I,2012-03-01,108223,100,100,100,def
I,2012-04-01,108223,100,100,100,def
I,2012-05-01,108223,100,100,100,def
I,2012-06-01,108223,100,100,100,def
I,2012-07-01,108223,100,100,100,def
I,2012-08-01,108223,100,100,100,def
I,2012-09-01,108223,100,100,100,def
I,2012-10-01,108223,100,100,100,def
I,2012-11-01,108223,100,100,100,def
I,2012-12-01,108223,100,100,100,def
I,2013-01-01,108223,103.087020874023,102.057273864746,101.008995056152,def
I,2013-02-01,108223,102.335334777832,100.141151428223,102.19108581543,def
I,2013-03-01,108223,103.438232421875,99.7991333007813,103.646423339844,def
I,2013-04-01,108223,99.2344436645508,98.8958435058594,100.342384338379,def
I,2013-05-01,108223,107.843727111816,103.71492767334,103.980903625488,def
I,2013-06-01,108223,108.762496948242,102.912528991699,105.684410095215,def
I,2013-07-01,108223,123.078681945801,105.188850402832,117.007347106934,def
I,2013-08-01,108223,107.08056640625,100.475082397461,106.574249267578,def
I,2013-09-01,108223,121.798843383789,105.253211975098,115.719833374023,def
I,2013-10-01,108223,125.771499633789,109.328666687012,115.039817810059,def
I,2013-11-01,108223,110.096748352051,112.424468994141,97.9295272827149,def
I,2013-12-01,108223,97.7094497680664,111.297958374023,87.7908706665039,def
I,2014-01-01,108223,116.099754333496,108.436302185059,107.067245483398,def
I,2014-02-01,108223,107.435432434082,106.198287963867,101.164939880371,def
I,2014-03-01,108223,120.328758239746,108.81526184082,110.580772399902,def
I,2014-04-01,108223,114.814033508301,108.072402954102,106.238067626953,def
I,2014-05-01,108223,107.38045501709,108.632110595703,98.8478012084961,def
I,2014-06-01,108223,121.550338745117,102.545509338379,118.533065795898,def
I,2014-07-01,108223,127.520500183105,104.651481628418,121.852546691895,def
I,2014-08-01,108223,97.7323608398438,109.655860900879,89.1264343261719,def
I,2014-09-01,108223,125.746337890625,108.441200256348,115.958084106445,def
I,2014-10-01,108223,132.534851074219,108.643768310547,121.990295410156,def
I,2014-11-01,108223,110.416160583496,108.415786743164,101.845092773438,def
I,2014-12-01,108223,90.7925872802734,107.85913848877,84.177001953125,def
I,2015-01-01,108223,102.651290893555,102.378952026367,100.266014099121,def
I,2015-02-01,108223,97.027717590332,99.5408706665039,97.4752578735352,def
I,2015-03-01,108223,99.7393035888672,97.4678421020508,102.330474853516,def
I,2015-04-01,108223,101.601470947266,93.4399261474609,108.734535217285,def
I,2015-05-01,108223,87.9744186401367,95.0459365844727,92.5598983764649,def
I,2015-06-01,108223,115.027946472168,93.7219924926758,122.73314666748,def
I,2015-07-01,108223,107.59977722168,96.9882507324219,110.941040039063,def
I,2015-08-01,108223,104.14525604248,99.1158218383789,105.07430267334,def
I,2015-09-01,108223,123.312301635742,100.68669128418,122.471305847168,def
I,2015-10-01,108223,114.53441619873,100.999214172363,113.401298522949,def
I,2015-11-01,108223,107.442588806152,102.626594543457,104.692726135254,def
I,2015-12-01,108223,94.8522338867187,102.10758972168,92.894401550293,def
I,2016-01-01,108223,95.7086791992188,101.415557861328,94.3727798461914,def
I,2016-02-01,108223,114.452362060547,101.835014343262,112.389991760254,def
I,2016-03-01,108223,105.791152954102,99.9344329833984,105.860565185547,def
I,2016-04-01,108223,119.880516052246,101.058242797852,118.625175476074,def
I,2016-05-01,108223,100.669715881348,101.62508392334,99.0599060058594,def
I,2016-06-01,108223,118.461784362793,99.6630096435547,118.862335205078,def
I,2016-07-01,108223,108.609260559082,101.164283752441,107.359298706055,def
I,2016-08-01,108223,115.216979980469,103.081184387207,111.773048400879,def
I,2016-09-01,108223,123.737777709961,101.551208496094,121.847671508789,def
I,2016-10-01,108223,113.78133392334,103.338180541992,110.105796813965,def
I,2016-11-01,108223,104.959953308105,101.847328186035,103.056175231934,def
I,2016-12-01,108223,96.398063659668,100.086143493652,96.3150939941406,def
I,2017-01-01,108223,98.9889144897461,101.146682739258,97.86669921875,def
I,2017-02-01,108223,94.5459747314453,100.880859375,93.7204360961914,def
I,2017-03-01,108223,121.105674743652,100.429130554199,120.588195800781,def
I,2017-04-01,108223,96.411018371582,99.6410293579102,96.7583541870117,def
I,2017-05-01,108223,114.262725830078,99.9470291137695,114.323280334473,def
I,2017-06-01,108223,111.124496459961,100.541801452637,110.525665283203,def
I,2017-07-01,108223,109.417808532715,99.895378112793,109.532402038574,def
I,2017-08-01,108223,109.856758117676,101.288017272949,108.459785461426,def
I,2017-09-01,108223,119.099746704102,102.563362121582,116.123092651367,def
I,2017-10-01,108223,123.781372070313,101.752014160156,121.650054931641,def
I,2017-11-01,108223,134.620742797852,102.056243896484,131.908386230469,def
I,2017-12-01,108223,95.9742889404297,104.102912902832,92.1917419433594,def
I,2018-01-01,108223,109.549652099609,101.525489807129,107.903594970703,def
I,2018-02-01,108223,107.003623962402,102.558074951172,104.334663391113,def
I,2018-03-01,108223,115.503120422363,102.36205291748,112.837829589844,def
I,2018-04-01,108223,118.359115600586,101.594505310059,116.501495361328,def
I,2018-05-01,108223,107.913330078125,102.290405273438,105.497024536133,def
I,2018-06-01,108223,113.325668334961,102.69588470459,110.350730895996,def
I,2018-07-01,108223,108.561981201172,101.581497192383,106.871803283691,def
I,2018-08-01,108223,120.782646179199,103.21411895752,117.021438598633,def
I,2018-09-01,108223,110.919563293457,100.526329040527,110.338813781738,def
I,2018-10-01,108223,126.352325439453,102.999992370605,122.672172546387,def
I,2018-11-01,108223,117.51342010498,102.416580200195,114.740623474121,def
I,2018-12-01,108223,90.4012069702148,100.744270324707,89.7333526611328,def
I,2019-01-01,108223,114.994354248047,98.8544082641602,116.326988220215,def
I,2019-02-01,108223,104.822021484375,99.4294891357422,105.423477172852,def
I,2019-03-01,108223,105.768608093262,101.038696289063,104.681289672852,def
I,2019-04-01,108223,115.59073638916,99.7424926757813,115.889152526855,def
I,2019-05-01,108223,112.085578918457,98.3096008300781,114.012847900391,def
I,2019-06-01,108223,107.714996337891,98.8578643798828,108.959457397461,def
I,2019-07-01,108223,113.855377197266,97.8449172973633,116.363105773926,def
I,2019-08-01,108223,113.601928710938,100.353866577148,113.201347351074,def
I,2019-09-01,108223,119.065437316895,101.035598754883,117.845039367676,def
I,2019-10-01,108223,133.533126831055,101.124206542969,132.048629760742,def
I,2019-11-01,108223,118.073570251465,102.295677185059,115.423812866211,def
I,2019-12-01,108223,97.2669067382813,100.004814147949,97.2622222900391,def
I,2020-01-01,108223,109.645713806152,99.9331130981445,109.719100952148,def
I,2020-02-01,108223,117.582893371582,95.9096527099609,122.597564697266,def
I,2020-03-01,108223,108.873168945313,98.8444900512695,110.145919799805,def
I,2020-04-01,108223,94.4258651733398,94.5310287475586,99.8887481689453,def
I,2020-05-01,108223,94.5394439697266,95.6743621826172,98.8137741088867,def
I,2020-06-01,108223,118.174743652344,97.5635681152344,121.12589263916,def
I,2020-07-01,108223,110.918876647949,99.3836288452149,111.606788635254,def
I,2020-08-01,108223,111.482124328613,98.3641815185547,113.336097717285,def
I,2020-09-01,108223,135.720581054688,98.0131301879883,138.471832275391,def
I,2020-10-01,108223,120.619522094727,101.311004638672,119.058662414551,def
I,2020-11-01,108223,111.321868896484,101.852348327637,109.297302246094,def
I,2020-12-01,108223,99.0166168212891,100.412948608398,98.6094131469727,def
I,2021-01-01,108223,100.193817138672,98.9475479125977,101.259521484375,def
I,2021-02-01,108223,115.353057861328,98.8795166015625,116.660209655762,def
I,2021-03-01,108223,134.024368286133,100.243003845215,133.699478149414,def
I,2021-04-01,108223,115.57982635498,100.189186096191,115.361587524414,def
I,2021-05-01,108223,129.946975708008,100.65266418457,129.104354858398,def
I,2021-06-01,108223,138.841125488281,99.4456634521485,139.61506652832,def
I,2021-07-01,108223,117.828727722168,102.12703704834,115.374664306641,def
I,2021-08-01,108223,114.919593811035,101.803062438965,112.884223937988,def
I,2021-09-01,108223,135.966186523438,102.239753723145,132.987594604492,def
I,2021-10-01,108223,128.138610839844,102.435897827148,125.091514587402,def
I,2021-11-01,108223,133.634033203125,102.996315002441,129.746429443359,def
I,2021-12-01,108223,103.637252807617,100.877502441406,102.735748291016,def
I,2022-01-01,108223,108.587348937988,98.7618865966797,109.948638916016,def
I,2022-02-01,108223,126.305824279785,100.21174621582,126.038940429688,def
I,2022-03-01,108223,143.079116821289,97.9401779174805,146.088287353516,def
I,2022-04-01,108223,130.4091796875,100.410919189453,129.875503540039,def
I,2022-05-01,108223,159.176773071289,99.1505584716797,160.540466308594,def
I,2022-06-01,108223,137.433044433594,97.237663269043,141.337265014648,def
I,2022-07-01,108223,142.823760986328,99.2906188964844,143.844161987305,def
I,2022-08-01,108223,148.049407958984,100.357398986816,147.522171020508,def
I,2022-09-01,108223,152.436706542969,97.1238632202149,156.950836181641,def
I,2022-10-01,108223,155.417663574219,96.0703048706055,161.774917602539,def
I,2022-11-01,108223,157.091690063477,98.4942855834961,159.493209838867,def
I,2022-12-01,108223,117.406806945801,104.83277130127,111.99437713623,def
I,2023-01-01,108223,128.748229980469,105.96614074707,121.499397277832,def
I,2023-02-01,108223,137.77848815918,107.822906494141,127.782203674316,def
I,2023-03-01,108223,161.443740844727,109.442932128906,147.514083862305,def
I,2023-04-01,108223,132.241256713867,107.86116027832,122.603225708008,def
I,2023-05-01,108223,154.746948242188,107.986427307129,143.302215576172,def
I,2023-06-01,108223,145.454284667969,108.60750579834,133.926544189453,def
I,2023-07-01,108223,137.368713378906,109.633644104004,125.297958374023,def
I,2023-08-01,108223,152.957595825195,111.152336120605,137.610778808594,def
I,2023-09-01,108223,178.704818725586,111.45329284668,160.340545654297,def
I,2023-10-01,108223,170.137512207031,109.098373413086,155.948715209961,def
I,2023-11-01,108223,173.200973510742,109.505592346191,158.16633605957,def
I,2023-12-01,108223,123.944679260254,114.849006652832,107.919677734375,def
I,2024-01-01,108223,121.420160765063,106.241497824761,114.286937681123,def
I,2024-02-01,108223,144.126460008965,110.155568568648,130.839007359136,def
I,2024-03-01,108223,145.405589601878,114.738827094468,126.727443250125,def
I,2024-04-01,108223,151.397683089037,111.438021501209,135.858186574065,def
I,2024-05-01,108223,155.291142733027,109.271315660337,142.115187016231,def
I,2024-06-01,108223,157.579911322738,110.858563287588,142.144998458008,def
I,2024-07-01,108223,172.407332463775,112.881238195234,152.73337376275,def
I,2024-08-01,108223,177.683250441017,112.675372373612,157.694833750099,def
I,2024-09-01,108223,200.94071850272,113.594621306161,176.892801504048,def
I,2024-10-01,108223,192.064311152425,116.588279968746,164.737228435077,def
I,2024-11-01,108223,168.990293463283,112.98790590691,149.564931983356,def
I,2024-12-01,108223,132.965138940945,113.2360600398,117.422958671832,def
I,2025-01-01,108223,135.438383273207,112.857967527155,120.007810837441,def
I,2025-02-01,108223,137.061894409572,112.630386972927,121.691748488187,def
I,2025-03-01,108223,160.647974083875,113.773221918596,141.200154981303,def
I,2025-04-01,108223,153.187537792314,114.805265289477,133.432494919905,def
I,2025-05-01,108223,154.998146503355,118.846912287282,130.418313280852,def
I,2025-06-01,108223,160.489846456246,115.799903454435,138.592376391813,def
I,2025-07-01,108223,162.199138228825,115.114529806061,140.902395217453,def
I,2025-08-01,108223,152.807657680236,112.622619723359,135.681135866239,def
I,2025-09-01,108223,182.752757545553,113.875583007146,160.484577250967,def
I,2025-10-01,108223,190.430234811358,112.757563532968,168.884657382132,def
I,2025-11-01,108223,151.69463802563,111.226336551298,136.383733196725,def
I,2025-12-01,108223,140.626768399696,110.496029263472,127.268610444457,def
I,2026-01-01,108223,135.016398094723,109.762392215609,123.007879386733,prov
I,2026-02-01,108223,141.515725242535,108.622860098743,130.281708387711,prov
I,2026-03-01,108223,176.631649150849,109.033815559987,161.997118966787,prov
I,2026-04-01,108223,142.07923743831,104.368513519744,136.132273241241,prov
I,2026-05-01,108223,145.168845948594,109.437110870413,132.650466735188,prov
I,2026-06-01,108223,150.008683154838,107.865438693852,139.070194420492,prov
I,2026-07-01,108223,160.931157912128,108.763528624909,147.964259273633,prov
I,2026-08-01,108223,157.674920288859,111.950235724019,140.843751705501,prov
